id,file_name,object_count,width,height,area,aspect_ratio
43,MVI_1452_VIS_HAZE_339.png,6,1920,1080,2073600,1.7777777777777777
44,MVI_1469_VIS_0.png,8,1920,1080,2073600,1.7777777777777777
45,MVI_1469_VIS_149.png,8,1920,1080,2073600,1.7777777777777777
46,MVI_1469_VIS_299.png,9,1920,1080,2073600,1.7777777777777777
47,MVI_1469_VIS_449.png,9,1920,1080,2073600,1.7777777777777777
48,MVI_1469_VIS_599.png,9,1920,1080,2073600,1.7777777777777777
49,MVI_1470_VIS_0.png,5,1920,1080,2073600,1.7777777777777777
50,MVI_1470_VIS_99.png,7,1920,1080,2073600,1.7777777777777777
51,MVI_1470_VIS_265.png,6,1920,1080,2073600,1.7777777777777777
52,MVI_1471_VIS_0.png,8,1920,1080,2073600,1.7777777777777777
53,MVI_1471_VIS_169.png,9,1920,1080,2073600,1.7777777777777777
54,MVI_1471_VIS_298.png,7,1920,1080,2073600,1.7777777777777777
55,MVI_1474_VIS_199.png,13,1920,1080,2073600,1.7777777777777777
56,MVI_1474_VIS_444.png,13,1920,1080,2073600,1.7777777777777777
57,MVI_1478_VIS_0.png,5,1920,1080,2073600,1.7777777777777777
58,MVI_1478_VIS_199.png,5,1920,1080,2073600,1.7777777777777777
126,1650630529.492.png,1,1024,768,786432,1.3333333333333333
127,1650631693.464.png,1,1024,768,786432,1.3333333333333333
128,1650633114.856.png,7,1024,768,786432,1.3333333333333333
129,1650631636.545.png,1,1024,768,786432,1.3333333333333333
130,1650631750.710.png,1,1024,768,786432,1.3333333333333333
131,1650633588.610.png,7,1024,768,786432,1.3333333333333333
132,1650630295.574.png,1,1024,768,786432,1.3333333333333333
133,1650632770.901.png,2,1024,768,786432,1.3333333333333333
134,1650630895.614.png,1,1024,768,786432,1.3333333333333333
135,1650630311.906.png,1,1024,768,786432,1.3333333333333333
136,1650630589.487.png,1,1024,768,786432,1.3333333333333333
137,1650630406.889.png,1,1024,768,786432,1.3333333333333333
138,1650630351.667.png,1,1024,768,786432,1.3333333333333333
139,1650632431.387.png,2,1024,768,786432,1.3333333333333333
140,1650630407.452.png,1,1024,768,786432,1.3333333333333333
141,1650631806.810.png,1,1024,768,786432,1.3333333333333333
142,1650631466.010.png,1,1024,768,786432,1.3333333333333333
143,1650630406.330.png,1,1024,768,786432,1.3333333333333333
144,1650631522.932.png,1,1024,768,786432,1.3333333333333333
145,1650630408.049.png,1,1024,768,786432,1.3333333333333333
146,1650633234.509.png,13,1024,768,786432,1.3333333333333333
147,1650632883.372.png,4,1024,768,786432,1.3333333333333333
148,1650630409.878.png,1,1024,768,786432,1.3333333333333333
149,1650632088.261.png,3,1024,768,786432,1.3333333333333333
150,1650633655.355.png,6,1024,768,786432,1.3333333333333333
151,1650631918.576.png,2,1024,768,786432,1.3333333333333333
152,1650630410.427.png,1,1024,768,786432,1.3333333333333333
153,1650630469.613.png,1,1024,768,786432,1.3333333333333333
154,1650630953.689.png,1,1024,768,786432,1.3333333333333333
155,1650632031.006.png,2,1024,768,786432,1.3333333333333333
156,1650632202.989.png,2,1024,768,786432,1.3333333333333333
157,1650632659.113.png,2,1024,768,786432,1.3333333333333333
158,1650631862.846.png,1,1024,768,786432,1.3333333333333333
159,1650631409.494.png,1,1024,768,786432,1.3333333333333333
160,1650633471.429.png,3,1024,768,786432,1.3333333333333333
161,1650633413.566.png,4,1024,768,786432,1.3333333333333333
162,1650631974.688.png,2,1024,768,786432,1.3333333333333333
163,1650633529.978.png,7,1024,768,786432,1.3333333333333333
164,1650632145.747.png,3,1024,768,786432,1.3333333333333333
165,1650630409.257.png,1,1024,768,786432,1.3333333333333333
166,1650632545.663.png,2,1024,768,786432,1.3333333333333333
167,1650632997.054.png,2,1024,768,786432,1.3333333333333333
168,1650630408.630.png,1,1024,768,786432,1.3333333333333333
169,1650631352.746.png,1,1024,768,786432,1.3333333333333333
170,1650631295.813.png,1,1024,768,786432,1.3333333333333333
171,1650632317.460.png,3,1024,768,786432,1.3333333333333333
172,1650631579.945.png,1,1024,768,786432,1.3333333333333333
173,1650633722.196.png,5,1024,768,786432,1.3333333333333333
174,1650633293.982.png,14,1024,768,786432,1.3333333333333333
204,quebec3_0.png,17,1920,1080,2073600,1.7777777777777777
205,sandiego1_12.png,3,1920,1080,2073600,1.7777777777777777
206,sandiego2_0.png,3,1920,1080,2073600,1.7777777777777777
207,sandiego3_0.png,4,1920,1080,2073600,1.7777777777777777
210,sandiegoaircraftcarrier1_11.png,3,1920,1080,2073600,1.7777777777777777
211,sandiegoaircraftcarrier2_0.png,2,1920,1080,2073600,1.7777777777777777
212,sandiegoaircraftcarrier2_15.png,2,1920,1080,2073600,1.7777777777777777
213,sandiegobattleship1_0.png,1,1920,1080,2073600,1.7777777777777777
214,sandiegobattleship2_0.png,2,1920,1080,2073600,1.7777777777777777
215,sandiegobattleship2_39.png,4,1920,1080,2073600,1.7777777777777777
216,sandiegobattleship2_60.png,4,1920,1080,2073600,1.7777777777777777
217,sandiegobattleship3_0.png,1,1920,1080,2073600,1.7777777777777777
218,sandiegobattleship3_60.png,1,1920,1080,2073600,1.7777777777777777
219,sandiegocargo1_0.png,1,1920,1080,2073600,1.7777777777777777
220,sandiegocargo1_26.png,1,1920,1080,2073600,1.7777777777777777
221,sandiegocargo1_59.png,1,1920,1080,2073600,1.7777777777777777
222,sandiegocranetugboat1_0.png,1,1920,1080,2073600,1.7777777777777777
223,sandiegocranetugboat1_60.png,1,1920,1080,2073600,1.7777777777777777
224,sandiegosailboat1_0.png,8,1920,1080,2073600,1.7777777777777777
225,sandiegotucaberty1_0.png,2,1920,1080,2073600,1.7777777777777777
226,sandiegotucaberty1_9.png,3,1920,1080,2073600,1.7777777777777777
227,sandiegoyacht1_0.png,8,1920,1080,2073600,1.7777777777777777
228,sandiegoyacht1_55.png,11,1920,1080,2073600,1.7777777777777777
251,ABOShipsDataset_20180707_1.png,11,1280,720,921600,1.7777777777777777
252,ABOShipsDataset_20180707_102.png,1,1280,720,921600,1.7777777777777777
253,ABOShipsDataset_20180707_11.png,18,1280,720,921600,1.7777777777777777
254,ABOShipsDataset_20180707_14.png,16,1280,720,921600,1.7777777777777777
255,ABOShipsDataset_20180707_15.png,10,1280,720,921600,1.7777777777777777
256,ABOShipsDataset_20180707_17.png,11,1280,720,921600,1.7777777777777777
257,ABOShipsDataset_20180707_18.png,6,1280,720,921600,1.7777777777777777
258,ABOShipsDataset_20180707_19.png,5,1280,720,921600,1.7777777777777777
259,ABOShipsDataset_20180707_22.png,4,1280,720,921600,1.7777777777777777
260,ABOShipsDataset_20180707_23.png,5,1280,720,921600,1.7777777777777777
261,ABOShipsDataset_20180707_24.png,5,1280,720,921600,1.7777777777777777
262,ABOShipsDataset_20180707_25.png,4,1280,720,921600,1.7777777777777777
263,ABOShipsDataset_20180707_26.png,5,1280,720,921600,1.7777777777777777
264,ABOShipsDataset_20180707_28.png,7,1280,720,921600,1.7777777777777777
265,ABOShipsDataset_20180707_33.png,13,1280,720,921600,1.7777777777777777
266,ABOShipsDataset_20180707_36.png,12,1280,720,921600,1.7777777777777777
267,ABOShipsDataset_20180707_39.png,6,1280,720,921600,1.7777777777777777
268,ABOShipsDataset_20180707_4.png,19,1280,720,921600,1.7777777777777777
269,ABOShipsDataset_20180707_42.png,6,1280,720,921600,1.7777777777777777
270,ABOShipsDataset_20180707_43.png,4,1280,720,921600,1.7777777777777777
271,ABOShipsDataset_20180707_56.png,11,1280,720,921600,1.7777777777777777
272,ABOShipsDataset_20180707_59.png,10,1280,720,921600,1.7777777777777777
273,ABOShipsDataset_20180707_60.png,7,1280,720,921600,1.7777777777777777
274,ABOShipsDataset_20180707_62.png,11,1280,720,921600,1.7777777777777777
275,ABOShipsDataset_20180707_63.png,5,1280,720,921600,1.7777777777777777
276,ABOShipsDataset_20180707_64.png,2,1280,720,921600,1.7777777777777777
277,ABOShipsDataset_20180707_65.png,2,1280,720,921600,1.7777777777777777
278,ABOShipsDataset_20180707_66.png,2,1280,720,921600,1.7777777777777777
279,ABOShipsDataset_20180707_67.png,4,1280,720,921600,1.7777777777777777
280,ABOShipsDataset_20180707_68.png,3,1280,720,921600,1.7777777777777777
281,ABOShipsDataset_20180707_76.png,4,1280,720,921600,1.7777777777777777
282,ABOShipsDataset_20180707_8.png,16,1280,720,921600,1.7777777777777777
283,ABOShipsDataset_20180707_83.png,4,1280,720,921600,1.7777777777777777
284,ABOShipsDataset_20180707_84.png,3,1280,720,921600,1.7777777777777777
285,ABOShipsDataset_20180707_85.png,3,1280,720,921600,1.7777777777777777
286,ABOShipsDataset_20180707_87.png,2,1280,720,921600,1.7777777777777777
287,ABOShipsDataset_20180707_88.png,5,1280,720,921600,1.7777777777777777
288,ABOShipsDataset_20180707_89.png,10,1280,720,921600,1.7777777777777777
289,ABOShipsDataset_20180707_9.png,18,1280,720,921600,1.7777777777777777
290,ABOShipsDataset_20180707_90.png,9,1280,720,921600,1.7777777777777777
291,ABOShipsDataset_20180707_91.png,11,1280,720,921600,1.7777777777777777
292,ABOShipsDataset_20180707_97.png,5,1280,720,921600,1.7777777777777777
293,ABOShipsDataset_20180707_98.png,1,1280,720,921600,1.7777777777777777
294,ABOshipsDataset_20180708_0.png,3,1280,720,921600,1.7777777777777777
295,ABOshipsDataset_20180708_1.png,4,1280,720,921600,1.7777777777777777
296,ABOshipsDataset_20180708_10.png,3,1280,720,921600,1.7777777777777777
297,ABOshipsDataset_20180708_100.png,10,1280,720,921600,1.7777777777777777
298,ABOshipsDataset_20180708_101.png,9,1280,720,921600,1.7777777777777777
299,ABOshipsDataset_20180708_102.png,9,1280,720,921600,1.7777777777777777
300,ABOshipsDataset_20180708_103.png,12,1280,720,921600,1.7777777777777777
301,ABOshipsDataset_20180708_104.png,9,1280,720,921600,1.7777777777777777
302,ABOshipsDataset_20180708_105.png,9,1280,720,921600,1.7777777777777777
303,ABOshipsDataset_20180708_106.png,10,1280,720,921600,1.7777777777777777
304,ABOshipsDataset_20180708_107.png,10,1280,720,921600,1.7777777777777777
305,ABOshipsDataset_20180708_108.png,10,1280,720,921600,1.7777777777777777
306,ABOshipsDataset_20180708_109.png,10,1280,720,921600,1.7777777777777777
307,ABOshipsDataset_20180708_11.png,4,1280,720,921600,1.7777777777777777
308,ABOshipsDataset_20180708_110.png,6,1280,720,921600,1.7777777777777777
309,ABOshipsDataset_20180708_111.png,8,1280,720,921600,1.7777777777777777
310,ABOshipsDataset_20180708_112.png,8,1280,720,921600,1.7777777777777777
311,ABOshipsDataset_20180708_113.png,7,1280,720,921600,1.7777777777777777
312,ABOshipsDataset_20180708_114.png,10,1280,720,921600,1.7777777777777777
313,ABOshipsDataset_20180708_115.png,7,1280,720,921600,1.7777777777777777
314,ABOshipsDataset_20180708_116.png,8,1280,720,921600,1.7777777777777777
315,ABOshipsDataset_20180708_117.png,7,1280,720,921600,1.7777777777777777
316,ABOshipsDataset_20180708_118.png,11,1280,720,921600,1.7777777777777777
317,ABOshipsDataset_20180708_12.png,3,1280,720,921600,1.7777777777777777
318,ABOshipsDataset_20180708_13.png,3,1280,720,921600,1.7777777777777777
319,ABOshipsDataset_20180708_18.png,13,1280,720,921600,1.7777777777777777
320,ABOshipsDataset_20180708_19.png,3,1280,720,921600,1.7777777777777777
321,ABOshipsDataset_20180708_2.png,3,1280,720,921600,1.7777777777777777
322,ABOshipsDataset_20180708_21.png,4,1280,720,921600,1.7777777777777777
323,ABOshipsDataset_20180708_22.png,2,1280,720,921600,1.7777777777777777
324,ABOshipsDataset_20180708_23.png,2,1280,720,921600,1.7777777777777777
325,ABOshipsDataset_20180708_24.png,1,1280,720,921600,1.7777777777777777
326,ABOshipsDataset_20180708_25.png,1,1280,720,921600,1.7777777777777777
327,ABOshipsDataset_20180708_26.png,1,1280,720,921600,1.7777777777777777
328,ABOshipsDataset_20180708_27.png,1,1280,720,921600,1.7777777777777777
329,ABOshipsDataset_20180708_28.png,1,1280,720,921600,1.7777777777777777
330,ABOshipsDataset_20180708_29.png,2,1280,720,921600,1.7777777777777777
331,ABOshipsDataset_20180708_3.png,3,1280,720,921600,1.7777777777777777
332,ABOshipsDataset_20180708_30.png,3,1280,720,921600,1.7777777777777777
333,ABOshipsDataset_20180708_31.png,4,1280,720,921600,1.7777777777777777
334,ABOshipsDataset_20180708_32.png,6,1280,720,921600,1.7777777777777777
335,ABOshipsDataset_20180708_33.png,5,1280,720,921600,1.7777777777777777
336,ABOshipsDataset_20180708_34.png,4,1280,720,921600,1.7777777777777777
337,ABOshipsDataset_20180708_35.png,3,1280,720,921600,1.7777777777777777
338,ABOshipsDataset_20180708_36.png,2,1280,720,921600,1.7777777777777777
339,ABOshipsDataset_20180708_37.png,2,1280,720,921600,1.7777777777777777
340,ABOshipsDataset_20180708_38.png,1,1280,720,921600,1.7777777777777777
341,ABOshipsDataset_20180708_39.png,2,1280,720,921600,1.7777777777777777
342,ABOshipsDataset_20180708_4.png,2,1280,720,921600,1.7777777777777777
343,ABOshipsDataset_20180708_40.png,2,1280,720,921600,1.7777777777777777
344,ABOshipsDataset_20180708_41.png,2,1280,720,921600,1.7777777777777777
345,ABOshipsDataset_20180708_42.png,1,1280,720,921600,1.7777777777777777
346,ABOshipsDataset_20180708_43.png,1,1280,720,921600,1.7777777777777777
347,ABOshipsDataset_20180708_44.png,2,1280,720,921600,1.7777777777777777
348,ABOshipsDataset_20180708_45.png,2,1280,720,921600,1.7777777777777777
349,ABOshipsDataset_20180708_46.png,2,1280,720,921600,1.7777777777777777
350,ABOshipsDataset_20180708_47.png,3,1280,720,921600,1.7777777777777777
351,ABOshipsDataset_20180708_48.png,4,1280,720,921600,1.7777777777777777
352,ABOshipsDataset_20180708_49.png,2,1280,720,921600,1.7777777777777777
353,ABOshipsDataset_20180708_5.png,2,1280,720,921600,1.7777777777777777
354,ABOshipsDataset_20180708_50.png,4,1280,720,921600,1.7777777777777777
355,ABOshipsDataset_20180708_51.png,4,1280,720,921600,1.7777777777777777
356,ABOshipsDataset_20180708_52.png,4,1280,720,921600,1.7777777777777777
357,ABOshipsDataset_20180708_53.png,2,1280,720,921600,1.7777777777777777
358,ABOshipsDataset_20180708_54.png,1,1280,720,921600,1.7777777777777777
360,ABOshipsDataset_20180708_6.png,2,1280,720,921600,1.7777777777777777
362,ABOshipsDataset_20180708_61.png,1,1280,720,921600,1.7777777777777777
363,ABOshipsDataset_20180708_62.png,1,1280,720,921600,1.7777777777777777
364,ABOshipsDataset_20180708_63.png,1,1280,720,921600,1.7777777777777777
366,ABOshipsDataset_20180708_68.png,1,1280,720,921600,1.7777777777777777
367,ABOshipsDataset_20180708_7.png,2,1280,720,921600,1.7777777777777777
368,ABOshipsDataset_20180708_71.png,3,1280,720,921600,1.7777777777777777
369,ABOshipsDataset_20180708_72.png,2,1280,720,921600,1.7777777777777777
370,ABOshipsDataset_20180708_75.png,4,1280,720,921600,1.7777777777777777
371,ABOshipsDataset_20180708_76.png,6,1280,720,921600,1.7777777777777777
372,ABOshipsDataset_20180708_77.png,7,1280,720,921600,1.7777777777777777
373,ABOshipsDataset_20180708_78.png,7,1280,720,921600,1.7777777777777777
374,ABOshipsDataset_20180708_79.png,9,1280,720,921600,1.7777777777777777
375,ABOshipsDataset_20180708_8.png,2,1280,720,921600,1.7777777777777777
376,ABOshipsDataset_20180708_80.png,9,1280,720,921600,1.7777777777777777
377,ABOshipsDataset_20180708_81.png,9,1280,720,921600,1.7777777777777777
378,ABOshipsDataset_20180708_82.png,9,1280,720,921600,1.7777777777777777
379,ABOshipsDataset_20180708_83.png,5,1280,720,921600,1.7777777777777777
380,ABOshipsDataset_20180708_84.png,6,1280,720,921600,1.7777777777777777
381,ABOshipsDataset_20180708_86.png,5,1280,720,921600,1.7777777777777777
382,ABOshipsDataset_20180708_87.png,6,1280,720,921600,1.7777777777777777
383,ABOshipsDataset_20180708_88.png,5,1280,720,921600,1.7777777777777777
384,ABOshipsDataset_20180708_89.png,3,1280,720,921600,1.7777777777777777
385,ABOshipsDataset_20180708_9.png,3,1280,720,921600,1.7777777777777777
386,ABOshipsDataset_20180708_90.png,5,1280,720,921600,1.7777777777777777
387,ABOshipsDataset_20180708_94.png,2,1280,720,921600,1.7777777777777777
388,ABOshipsDataset_20180708_95.png,4,1280,720,921600,1.7777777777777777
389,ABOshipsDataset_20180708_97.png,2,1280,720,921600,1.7777777777777777
390,ABOshipsDataset_20180708_98.png,4,1280,720,921600,1.7777777777777777
391,ABOshipsDataset_20180708_99.png,6,1280,720,921600,1.7777777777777777
393,BTR_CruiseShips_1.png,10,1280,960,1228800,1.3333333333333333
394,BTR_CruiseShips_104.png,1,1280,667,853760,1.91904047976012
395,BTR_CruiseShips_105.png,1,1280,719,920320,1.7802503477051461
396,BTR_CruiseShips_11.png,8,1280,765,979200,1.673202614379085
397,BTR_CruiseShips_110.png,5,1280,827,1058560,1.5477629987908101
398,BTR_CruiseShips_15.png,1,960,1280,1228800,0.75
399,BTR_CruiseShips_16.png,4,1280,772,988160,1.6580310880829014
400,BTR_CruiseShips_19.png,9,1280,853,1091840,1.5005861664712778
401,BTR_CruiseShips_2.png,1,1280,960,1228800,1.3333333333333333
402,BTR_CruiseShips_20.png,4,1280,719,920320,1.7802503477051461
403,BTR_CruiseShips_23.png,7,1280,853,1091840,1.5005861664712778
404,BTR_CruiseShips_24.png,5,1280,853,1091840,1.5005861664712778
405,BTR_CruiseShips_27.png,2,853,1280,1091840,0.66640625
406,BTR_CruiseShips_29.png,11,1280,847,1084160,1.511216056670602
407,BTR_CruiseShips_3.png,9,1280,960,1228800,1.3333333333333333
408,BTR_CruiseShips_32.png,2,1280,853,1091840,1.5005861664712778
409,BTR_CruiseShips_33.png,9,1280,960,1228800,1.3333333333333333
411,BTR_CruiseShips_40.png,9,1280,960,1228800,1.3333333333333333
412,BTR_CruiseShips_43.png,11,817,724,591508,1.1284530386740332
413,BTR_CruiseShips_46.png,7,1280,853,1091840,1.5005861664712778
414,BTR_CruiseShips_49.png,9,1280,852,1090560,1.5023474178403755
415,BTR_CruiseShips_54.png,6,1280,704,901120,1.8181818181818181
416,BTR_CruiseShips_55.png,13,1280,944,1208320,1.3559322033898304
417,BTR_CruiseShips_56.png,15,1280,874,1118720,1.4645308924485125
418,BTR_CruiseShips_57.png,13,1280,960,1228800,1.3333333333333333
419,BTR_CruiseShips_58.png,12,1280,850,1088000,1.5058823529411764
420,BTR_CruiseShips_59.png,2,1280,849,1086720,1.507656065959953
421,BTR_CruiseShips_6.png,9,1280,885,1132800,1.4463276836158192
422,BTR_CruiseShips_60.png,15,1280,851,1089280,1.5041128084606346
423,BTR_CruiseShips_63.png,12,1280,853,1091840,1.5005861664712778
424,BTR_CruiseShips_66.png,6,1280,853,1091840,1.5005861664712778
425,BTR_CruiseShips_67.png,8,1280,852,1090560,1.5023474178403755
426,BTR_CruiseShips_69.png,11,1280,851,1089280,1.5041128084606346
427,BTR_CruiseShips_7.png,8,1280,853,1091840,1.5005861664712778
428,BTR_CruiseShips_74.png,10,1280,846,1082880,1.5130023640661938
429,BTR_CruiseShips_77.png,13,1280,762,975360,1.6797900262467191
430,BTR_CruiseShips_78.png,10,1280,959,1227520,1.3347236704900938
431,BTR_CruiseShips_79.png,14,1280,850,1088000,1.5058823529411764
432,BTR_CruiseShips_8.png,1,1280,960,1228800,1.3333333333333333
433,BTR_CruiseShips_81.png,9,1280,839,1073920,1.5256257449344457
434,BTR_CruiseShips_82.png,8,1280,853,1091840,1.5005861664712778
435,BTR_CruiseShips_84.png,8,1280,853,1091840,1.5005861664712778
436,BTR_CruiseShips_85.png,6,1280,896,1146880,1.4285714285714286
438,BTR_CruiseShips_88.png,21,1280,610,780800,2.098360655737705
439,BTR_CruiseShips_89.png,8,853,1280,1091840,0.66640625
440,BTR_CruiseShips_9.png,6,1280,790,1011200,1.620253164556962
441,BTR_CruiseShips_90.png,14,1280,853,1091840,1.5005861664712778
442,BTR_CruiseShips_91.png,1,1280,720,921600,1.7777777777777777
443,BTR_CruiseShips_92.png,6,1280,853,1091840,1.5005861664712778
444,BTR_CruiseShips_93.png,10,1280,822,1052160,1.5571776155717763
445,BTR_CruiseShips_99.png,9,1280,526,673280,2.4334600760456273
446,BTR_ferries__0.png,1,1280,960,1228800,1.3333333333333333
447,BTR_ferries__1.png,2,1280,854,1093120,1.4988290398126465
448,BTR_ferries__11.png,5,1280,853,1091840,1.5005861664712778
449,BTR_ferries__12.png,1,1280,865,1107200,1.4797687861271676
450,BTR_ferries__13.png,2,1280,673,861440,1.901931649331352
451,BTR_ferries__14.png,2,1280,960,1228800,1.3333333333333333
452,BTR_ferries__15.png,3,1280,960,1228800,1.3333333333333333
453,BTR_ferries__17.png,2,1280,853,1091840,1.5005861664712778
454,BTR_ferries__18.png,5,1280,719,920320,1.7802503477051461
455,BTR_ferries__2.png,1,1280,853,1091840,1.5005861664712778
456,BTR_ferries__21.png,1,1280,853,1091840,1.5005861664712778
457,BTR_ferries__22.png,1,1280,854,1093120,1.4988290398126465
458,BTR_ferries__23.png,1,1280,720,921600,1.7777777777777777
459,BTR_ferries__24.png,1,1280,960,1228800,1.3333333333333333
460,BTR_ferries__25.png,1,1280,960,1228800,1.3333333333333333
461,BTR_ferries__26.png,1,1280,960,1228800,1.3333333333333333
462,BTR_ferries__28.png,30,1280,960,1228800,1.3333333333333333
463,BTR_ferries__29.png,1,1280,853,1091840,1.5005861664712778
464,BTR_ferries__3.png,1,1280,960,1228800,1.3333333333333333
465,BTR_ferries__30.png,5,1280,882,1128960,1.4512471655328798
466,BTR_ferries__31.png,10,1280,853,1091840,1.5005861664712778
467,BTR_ferries__32.png,1,1280,853,1091840,1.5005861664712778
468,BTR_ferries__33.png,1,1280,837,1071360,1.5292712066905616
469,BTR_ferries__36.png,1,1280,853,1091840,1.5005861664712778
470,BTR_ferries__37.png,1,1280,850,1088000,1.5058823529411764
471,BTR_ferries__38.png,1,1280,854,1093120,1.4988290398126465
472,BTR_ferries__39.png,1,1280,853,1091840,1.5005861664712778
473,BTR_ferries__4.png,5,1280,856,1095680,1.4953271028037383
474,BTR_ferries__40.png,6,1280,853,1091840,1.5005861664712778
475,BTR_ferries__41.png,1,1280,854,1093120,1.4988290398126465
476,BTR_ferries__43.png,1,1280,720,921600,1.7777777777777777
477,BTR_ferries__44.png,1,1280,960,1228800,1.3333333333333333
478,BTR_ferries__45.png,1,1280,960,1228800,1.3333333333333333
479,BTR_ferries__46.png,2,1280,853,1091840,1.5005861664712778
480,BTR_ferries__48.png,1,1280,886,1134080,1.4446952595936795
481,BTR_ferries__52.png,3,1280,853,1091840,1.5005861664712778
482,BTR_ferries__53.png,1,1280,720,921600,1.7777777777777777
483,BTR_ferries__54.png,1,1280,720,921600,1.7777777777777777
484,BTR_ferries__56.png,3,1280,851,1089280,1.5041128084606346
485,BTR_ferries__57.png,9,1280,853,1091840,1.5005861664712778
486,BTR_ferries__58.png,7,1280,853,1091840,1.5005861664712778
487,BTR_ferries__59.png,3,1280,853,1091840,1.5005861664712778
488,BTR_ferries__6.png,1,1280,853,1091840,1.5005861664712778
489,BTR_ferries__60.png,1,1280,853,1091840,1.5005861664712778
490,BTR_ferries__61.png,1,1280,868,1111040,1.4746543778801844
491,BTR_ferries__62.png,1,1280,853,1091840,1.5005861664712778
506,BTR_ferries__9.png,12,1280,853,1091840,1.5005861664712778
528,BTR_sailboats__39.png,1,1280,846,1082880,1.5130023640661938
530,BTR_sailboats__43.png,1,1280,760,972800,1.6842105263157894
531,BTR_sailboats__50.png,1,1280,853,1091840,1.5005861664712778
532,BTR_sailboats__51.png,1,854,1280,1093120,0.6671875
533,BTR_sailboats__54.png,1,1280,853,1091840,1.5005861664712778
534,BTR_sailboats__55.png,1,1280,719,920320,1.7802503477051461
535,BTR_sailboats__56.png,1,851,1280,1089280,0.66484375
536,BTR_sailboats__57.png,2,1280,961,1230080,1.331945889698231
537,BTR_sailboats__58.png,1,1280,625,800000,2.048
539,BTR_sailboats__60.png,2,1280,741,948480,1.727395411605938
540,BTR_sailboats__62.png,4,1280,853,1091840,1.5005861664712778
541,BTR_sailboats__63.png,3,1280,853,1091840,1.5005861664712778
542,BTR_sailboats__64.png,7,853,1280,1091840,0.66640625
543,BTR_sailboats__65.png,12,1280,853,1091840,1.5005861664712778
544,BTR_sailboats__66.png,3,853,1280,1091840,0.66640625
548,images_cv_set_1_0.png,3,506,339,171534,1.4926253687315634
549,images_cv_set_1_1.png,1,507,338,171366,1.5
550,images_cv_set_1_10.png,2,508,339,172212,1.4985250737463127
551,images_cv_set_1_103.png,14,640,427,273280,1.4988290398126465
552,images_cv_set_1_104.png,2,507,338,171366,1.5
553,images_cv_set_1_105.png,2,500,375,187500,1.3333333333333333
554,images_cv_set_1_107.png,4,640,394,252160,1.6243654822335025
555,images_cv_set_1_108.png,1,774,1032,798768,0.75
556,images_cv_set_1_111.png,6,640,409,261760,1.56479217603912
557,images_cv_set_1_112.png,1,507,338,171366,1.5
558,images_cv_set_1_113.png,37,640,480,307200,1.3333333333333333
559,images_cv_set_1_114.png,1,338,507,171366,0.6666666666666666
560,images_cv_set_1_115.png,5,1024,685,701440,1.494890510948905
561,images_cv_set_1_118.png,1,640,427,273280,1.4988290398126465
562,images_cv_set_1_120.png,1,1024,683,699392,1.499267935578331
563,images_cv_set_1_122.png,2,481,356,171236,1.351123595505618
564,images_cv_set_1_123.png,2,506,338,171028,1.4970414201183433
565,images_cv_set_1_125.png,1,338,507,171366,0.6666666666666666
594,images_cv_set_1_17.png,2,507,338,171366,1.5
597,images_cv_set_1_172.png,4,640,425,272000,1.5058823529411764
598,images_cv_set_1_174.png,1,640,427,273280,1.4988290398126465
599,images_cv_set_1_175.png,1,552,311,171672,1.77491961414791
600,images_cv_set_1_176.png,7,640,480,307200,1.3333333333333333
601,images_cv_set_1_177.png,6,640,480,307200,1.3333333333333333
602,images_cv_set_1_178.png,4,507,338,171366,1.5
603,images_cv_set_1_179.png,1,640,427,273280,1.4988290398126465
604,images_cv_set_1_180.png,1,506,338,171028,1.4970414201183433
605,images_cv_set_1_181.png,1,338,507,171366,0.6666666666666666
606,images_cv_set_1_182.png,1,548,313,171524,1.7507987220447285
607,images_cv_set_1_183.png,6,640,427,273280,1.4988290398126465
608,images_cv_set_1_184.png,5,640,391,250240,1.6368286445012787
609,images_cv_set_1_185.png,5,507,338,171366,1.5
610,images_cv_set_1_186.png,1,507,338,171366,1.5
611,images_cv_set_1_187.png,1,640,480,307200,1.3333333333333333
612,images_cv_set_1_188.png,3,640,390,249600,1.641025641025641
624,images_cv_set_1_20.png,1,1024,683,699392,1.499267935578331
634,images_cv_set_1_21.png,5,640,426,272640,1.5023474178403755
642,images_cv_set_1_22.png,1,1024,768,786432,1.3333333333333333
646,images_cv_set_1_226.png,2,640,480,307200,1.3333333333333333
647,images_cv_set_1_227.png,4,640,480,307200,1.3333333333333333
648,images_cv_set_1_228.png,5,640,427,273280,1.4988290398126465
650,images_cv_set_1_23.png,5,509,337,171533,1.510385756676558
659,images_cv_set_1_24.png,2,583,417,243111,1.3980815347721822
676,images_cv_set_1_26.png,2,507,338,171366,1.5
677,images_cv_set_1_27.png,3,640,589,376960,1.0865874363327674
678,images_cv_set_1_28.png,1,621,385,239085,1.612987012987013
679,images_cv_set_1_29.png,1,427,613,261751,0.6965742251223491
680,images_cv_set_1_31.png,1,640,427,273280,1.4988290398126465
681,images_cv_set_1_32.png,1,2000,1331,2662000,1.5026296018031555
682,images_cv_set_1_35.png,1,510,339,172890,1.5044247787610618
683,images_cv_set_1_36.png,4,507,338,171366,1.5
684,images_cv_set_1_37.png,1,506,337,170522,1.5014836795252227
685,images_cv_set_1_4.png,6,640,407,260480,1.5724815724815724
686,images_cv_set_1_46.png,5,352,486,171072,0.7242798353909465
687,images_cv_set_1_47.png,5,507,338,171366,1.5
688,images_cv_set_1_5.png,2,683,1024,699392,0.6669921875
689,images_cv_set_1_50.png,2,872,667,581624,1.3073463268365817
690,images_cv_set_1_51.png,1,507,338,171366,1.5
691,images_cv_set_1_52.png,3,510,336,171360,1.5178571428571428
692,images_cv_set_1_53.png,16,640,427,273280,1.4988290398126465
693,images_cv_set_1_54.png,2,512,640,327680,0.8
694,images_cv_set_1_55.png,2,640,425,272000,1.5058823529411764
695,images_cv_set_1_56.png,1,631,402,253662,1.5696517412935322
696,images_cv_set_1_57.png,2,640,427,273280,1.4988290398126465
697,images_cv_set_1_59.png,1,427,640,273280,0.6671875
698,images_cv_set_1_6.png,1,640,427,273280,1.4988290398126465
699,images_cv_set_1_60.png,2,640,480,307200,1.3333333333333333
700,images_cv_set_1_61.png,3,530,324,171720,1.6358024691358024
701,images_cv_set_1_62.png,2,640,425,272000,1.5058823529411764
702,images_cv_set_1_63.png,3,1024,683,699392,1.499267935578331
703,images_cv_set_1_64.png,2,508,340,172720,1.4941176470588236
704,images_cv_set_1_66.png,2,323,530,171190,0.6094339622641509
705,images_cv_set_1_67.png,2,1022,684,699048,1.4941520467836258
706,images_cv_set_1_68.png,10,640,445,284800,1.4382022471910112
707,images_cv_set_1_69.png,7,1024,755,773120,1.3562913907284768
708,images_cv_set_1_70.png,1,623,437,272251,1.425629290617849
709,images_cv_set_1_71.png,1,464,369,171216,1.2574525745257452
710,images_cv_set_1_73.png,1,640,480,307200,1.3333333333333333
711,images_cv_set_1_74.png,9,1023,633,647559,1.6161137440758293
712,images_cv_set_1_75.png,1,639,413,263907,1.5472154963680387
713,images_cv_set_1_79.png,3,960,540,518400,1.7777777777777777
714,images_cv_set_1_8.png,5,640,426,272640,1.5023474178403755
715,images_cv_set_1_80.png,2,507,338,171366,1.5
716,images_cv_set_1_82.png,1,480,358,171840,1.3407821229050279
717,images_cv_set_1_83.png,6,640,480,307200,1.3333333333333333
718,images_cv_set_1_84.png,1,507,338,171366,1.5
719,images_cv_set_1_88.png,1,548,313,171524,1.7507987220447285
720,images_cv_set_1_9.png,9,640,427,273280,1.4988290398126465
721,images_cv_set_1_91.png,2,505,339,171195,1.4896755162241888
722,images_cv_set_1_92.png,4,1024,683,699392,1.499267935578331
723,images_cv_set_1_93.png,4,608,373,226784,1.6300268096514745
724,images_cv_set_1_94.png,1,507,338,171366,1.5
725,images_cv_set_1_96.png,1,495,347,171765,1.4265129682997117
726,images_cv_set_1_97.png,4,852,480,408960,1.775
729,images_cv_set_2_10.png,3,1280,720,921600,1.7777777777777777
730,images_cv_set_2_11.png,2,1280,853,1091840,1.5005861664712778
731,images_cv_set_2_12.png,1,1280,853,1091840,1.5005861664712778
732,images_cv_set_2_13.png,1,1280,840,1075200,1.5238095238095237
733,images_cv_set_2_14.png,1,1280,802,1026560,1.5960099750623442
734,images_cv_set_2_15.png,2,1280,729,933120,1.755829903978052
735,images_cv_set_2_16.png,2,1280,853,1091840,1.5005861664712778
736,images_cv_set_2_17.png,1,1280,863,1104640,1.4831981460023176
737,images_cv_set_2_18.png,1,853,1280,1091840,0.66640625
738,images_cv_set_2_19.png,2,1280,947,1212160,1.351636747624076
742,images_cv_set_2_6.png,4,1280,624,798720,2.051282051282051
743,images_cv_set_2_7.png,1,960,1280,1228800,0.75
744,images_cv_set_2_8.png,1,1280,960,1228800,1.3333333333333333
745,images_cv_set_2_9.png,5,1280,847,1084160,1.511216056670602
987,ship_spotting_yt_279.png,1,1280,720,921600,1.7777777777777777
988,ship_spotting_yt_293.png,1,1280,720,921600,1.7777777777777777
989,ship_spotting_yt_300.png,1,1280,720,921600,1.7777777777777777
990,ship_spotting_yt_301.png,1,1280,720,921600,1.7777777777777777
991,ship_spotting_yt_316.png,1,1280,720,921600,1.7777777777777777
992,ship_spotting_yt_317.png,1,1280,720,921600,1.7777777777777777
993,ship_spotting_yt_325.png,1,1280,720,921600,1.7777777777777777
994,ship_spotting_yt_336.png,1,1280,720,921600,1.7777777777777777
995,ship_spotting_yt_344.png,1,1280,720,921600,1.7777777777777777
996,ship_spotting_yt_352.png,1,1280,720,921600,1.7777777777777777
997,ship_spotting_yt_353.png,1,1280,720,921600,1.7777777777777777
998,ship_spotting_yt_374.png,1,1280,720,921600,1.7777777777777777
999,ship_spotting_yt_375.png,1,1280,720,921600,1.7777777777777777
1000,ship_spotting_yt_405.png,1,1280,720,921600,1.7777777777777777
1001,ship_spotting_yt_436.png,1,1280,720,921600,1.7777777777777777
1002,ship_spotting_yt_437.png,1,1280,720,921600,1.7777777777777777
1003,ship_spotting_yt_451.png,1,1280,720,921600,1.7777777777777777
1004,ship_spotting_yt_452.png,2,1280,720,921600,1.7777777777777777
1005,ship_spotting_yt_474.png,2,1280,720,921600,1.7777777777777777
1006,ship_spotting_yt_475.png,1,1280,720,921600,1.7777777777777777
1007,ship_spotting_yt_500.png,2,1280,720,921600,1.7777777777777777
1030,ship_spotting_yt_644.png,1,1280,720,921600,1.7777777777777777
1031,ship_spotting_yt_655.png,1,1280,720,921600,1.7777777777777777
1032,ship_spotting_yt_656.png,1,1280,720,921600,1.7777777777777777
1033,ship_spotting_yt_675.png,1,1280,720,921600,1.7777777777777777
1034,ship_spotting_yt_676.png,4,1280,720,921600,1.7777777777777777
1035,ship_spotting_yt_692.png,4,1280,720,921600,1.7777777777777777
1036,ship_spotting_yt_711.png,3,1280,720,921600,1.7777777777777777
1037,ship_spotting_yt_727.png,3,1280,720,921600,1.7777777777777777
1038,ship_spotting_yt_729.png,2,1280,720,921600,1.7777777777777777
1039,ship_spotting_yt_739.png,2,1280,720,921600,1.7777777777777777
1040,ship_spotting_yt_744.png,2,1280,720,921600,1.7777777777777777
1041,ship_spotting_yt_745.png,4,1280,720,921600,1.7777777777777777
1042,ship_spotting_yt_758.png,5,1280,720,921600,1.7777777777777777
1043,ship_spotting_yt_773.png,3,1280,720,921600,1.7777777777777777
1044,ship_spotting_yt_782.png,4,1280,720,921600,1.7777777777777777
1045,ship_spotting_yt_785.png,4,1280,720,921600,1.7777777777777777
1046,ship_spotting_yt_789.png,4,1280,720,921600,1.7777777777777777
1047,ship_spotting_yt_793.png,4,1280,720,921600,1.7777777777777777
1048,ship_spotting_yt_794.png,2,1280,720,921600,1.7777777777777777
1049,ship_spotting_yt_832.png,2,1280,720,921600,1.7777777777777777
1050,ship_spotting_yt_843.png,2,1280,720,921600,1.7777777777777777
1051,ship_spotting_yt_867.png,2,1280,720,921600,1.7777777777777777
1052,ship_spotting_yt_868.png,2,1280,720,921600,1.7777777777777777
1053,ship_spotting_yt_869.png,2,1280,720,921600,1.7777777777777777
1054,ship_spotting_yt_887.png,2,1280,720,921600,1.7777777777777777
1055,ship_spotting_yt_891.png,2,1280,720,921600,1.7777777777777777
1056,ship_spotting_yt_892.png,3,1280,720,921600,1.7777777777777777
1057,ship_spotting_yt_913.png,3,1280,720,921600,1.7777777777777777
