image_id,x,y,width,height,area,aspect_ratio,aspect_ratio_float
43,933,636,219,43,9417,219:43,5.093023255813954
43,1279,619,118,48,5664,59:24,2.4583333333333335
43,258,617,510,155,79050,102:31,3.2903225806451615
43,1424,493,241,562,135442,241:562,0.4288256227758007
43,1853,605,81,55,4455,81:55,1.4727272727272727
43,1907,601,24,38,912,12:19,0.631578947368421
44,1329,525,389,185,71965,389:185,2.1027027027027025
44,1648,573,85,85,7225,1:1,1.0
44,386,555,38,42,1596,19:21,0.9047619047619048
44,554,500,338,124,41912,169:62,2.725806451612903
44,178,482,187,86,16082,187:86,2.1744186046511627
44,361,515,66,26,1716,33:13,2.5384615384615383
44,65,523,129,33,4257,43:11,3.909090909090909
44,1795,607,222,42,9324,37:7,5.285714285714286
45,1343,527,389,185,71965,389:185,2.1027027027027025
45,1663,574,85,85,7225,1:1,1.0
45,353,557,47,46,2162,47:46,1.0217391304347827
45,569,500,338,124,41912,169:62,2.725806451612903
45,191,482,187,86,16082,187:86,2.1744186046511627
45,379,517,66,26,1716,33:13,2.5384615384615383
45,71,523,141,33,4653,47:11,4.2727272727272725
45,1790,606,182,42,7644,13:3,4.333333333333333
46,1346,527,389,185,71965,389:185,2.1027027027027025
46,1668,575,85,85,7225,1:1,1.0
46,305,557,51,46,2346,51:46,1.108695652173913
46,572,502,338,124,41912,169:62,2.725806451612903
46,196,482,187,86,16082,187:86,2.1744186046511627
46,384,517,58,26,1508,29:13,2.230769230769231
46,74,523,144,33,4752,48:11,4.363636363636363
46,1725,604,232,42,9744,116:21,5.523809523809524
46,1155,582,66,27,1782,22:9,2.4444444444444446
47,1346,527,389,185,71965,389:185,2.1027027027027025
47,1668,575,85,85,7225,1:1,1.0
47,250,559,58,59,3422,58:59,0.9830508474576272
47,572,502,338,124,41912,169:62,2.725806451612903
47,196,482,187,86,16082,187:86,2.1744186046511627
47,386,517,53,25,1325,53:25,2.12
47,74,523,144,33,4752,48:11,4.363636363636363
47,1681,600,235,42,9870,235:42,5.595238095238095
47,1051,577,88,26,2288,44:13,3.3846153846153846
48,1346,527,389,185,71965,389:185,2.1027027027027025
48,1669,575,85,85,7225,1:1,1.0
48,168,561,78,64,4992,39:32,1.21875
48,572,502,338,124,41912,169:62,2.725806451612903
48,196,482,187,86,16082,187:86,2.1744186046511627
48,389,518,44,25,1100,44:25,1.76
48,74,523,144,33,4752,48:11,4.363636363636363
48,1641,597,235,42,9870,235:42,5.595238095238095
48,937,568,88,26,2288,44:13,3.3846153846153846
49,332,403,414,157,64998,414:157,2.6369426751592355
49,1741,467,354,185,65490,354:185,1.9135135135135135
49,970,441,323,122,39406,323:122,2.6475409836065573
49,598,421,189,86,16254,189:86,2.197674418604651
49,1547,507,43,23,989,43:23,1.8695652173913044
50,335,406,412,150,61800,206:75,2.7466666666666666
50,1743,467,349,184,64216,349:184,1.8967391304347827
50,976,442,323,123,39729,323:123,2.6260162601626016
50,603,421,189,85,16065,189:85,2.223529411764706
50,297,596,584,204,119136,146:51,2.8627450980392157
50,1542,506,76,25,1900,76:25,3.04
50,130,435,22,10,220,11:5,2.2
51,334,404,414,157,64998,414:157,2.6369426751592355
51,1742,468,349,184,64216,349:184,1.8967391304347827
51,974,440,326,126,41076,163:63,2.5873015873015874
51,603,421,189,87,16443,63:29,2.1724137931034484
51,1519,506,118,28,3304,59:14,4.214285714285714
51,43,426,83,21,1743,83:21,3.9523809523809526
52,1888,524,60,35,2100,12:7,1.7142857142857142
52,1503,486,400,103,41200,400:103,3.883495145631068
52,304,405,375,149,55875,375:149,2.5167785234899327
52,743,434,141,84,11844,47:28,1.6785714285714286
52,1258,486,109,40,4360,109:40,2.725
52,626,451,85,22,1870,85:22,3.8636363636363638
52,440,451,32,7,224,32:7,4.571428571428571
52,455,444,107,20,2140,107:20,5.35
53,1898,516,40,35,1400,8:7,1.1428571428571428
53,1494,479,401,103,41303,401:103,3.8932038834951457
53,294,396,375,149,55875,375:149,2.5167785234899327
53,733,424,141,84,11844,47:28,1.6785714285714286
53,1263,479,85,38,3230,85:38,2.236842105263158
53,634,444,82,21,1722,82:21,3.9047619047619047
53,479,446,33,8,264,33:8,4.125
53,412,432,104,15,1560,104:15,6.933333333333334
53,900,691,1024,291,297984,1024:291,3.5189003436426116
54,1512,482,403,105,42315,403:105,3.8380952380952382
54,311,401,375,149,55875,375:149,2.5167785234899327
54,748,430,141,84,11844,47:28,1.6785714285714286
54,1289,483,65,37,2405,65:37,1.7567567567567568
54,659,449,66,19,1254,66:19,3.473684210526316
54,536,452,34,9,306,34:9,3.7777777777777777
54,401,437,103,15,1545,103:15,6.866666666666666
55,440,964,97,50,4850,97:50,1.94
55,576,907,127,43,5461,127:43,2.953488372093023
55,787,904,219,47,10293,219:47,4.659574468085107
55,292,885,149,103,15347,149:103,1.4466019417475728
55,291,938,41,22,902,41:22,1.8636363636363635
55,125,885,171,91,15561,171:91,1.879120879120879
55,1773,907,89,70,6230,89:70,1.2714285714285714
55,1899,902,39,51,1989,13:17,0.7647058823529411
55,1654,899,113,78,8814,113:78,1.4487179487179487
55,1213,858,528,189,99792,176:63,2.7936507936507935
55,1348,863,264,44,11616,6:1,6.0
55,961,919,55,36,1980,55:36,1.5277777777777777
55,1591,910,96,40,3840,12:5,2.4
56,854,977,113,58,6554,113:58,1.9482758620689655
56,574,908,127,43,5461,127:43,2.953488372093023
56,786,905,219,47,10293,219:47,4.659574468085107
56,289,885,149,103,15347,149:103,1.4466019417475728
56,130,935,37,22,814,37:22,1.6818181818181819
56,125,886,171,91,15561,171:91,1.879120879120879
56,1735,908,85,70,5950,17:14,1.2142857142857142
56,1898,904,41,52,2132,41:52,0.7884615384615384
56,1657,899,108,78,8424,18:13,1.3846153846153846
56,1202,858,528,189,99792,176:63,2.7936507936507935
56,1336,864,264,44,11616,6:1,6.0
56,954,920,47,36,1692,47:36,1.3055555555555556
56,1579,911,73,40,2920,73:40,1.825
57,482,329,837,213,178281,279:71,3.9295774647887325
57,1188,404,121,31,3751,121:31,3.903225806451613
57,1217,365,206,50,10300,103:25,4.12
57,1777,336,283,113,31979,283:113,2.504424778761062
57,1465,364,22,41,902,22:41,0.5365853658536586
58,476,329,837,213,178281,279:71,3.9295774647887325
58,1494,398,122,36,4392,61:18,3.388888888888889
58,1281,366,206,50,10300,103:25,4.12
58,1774,336,288,113,32544,288:113,2.5486725663716814
58,1486,367,20,35,700,4:7,0.5714285714285714
126,862,404,118,162,19116,59:81,0.7283950617283951
127,818,367,138,319,44022,138:319,0.43260188087774293
128,778,354,147,316,46452,147:316,0.4651898734177215
128,635,391,38,12,456,19:6,3.1666666666666665
128,466,390,19,21,399,19:21,0.9047619047619048
128,287,395,18,11,198,18:11,1.6363636363636365
128,250,401,36,13,468,36:13,2.769230769230769
128,186,409,47,18,846,47:18,2.611111111111111
128,63,416,33,12,396,11:4,2.75
129,829,344,132,299,39468,132:299,0.4414715719063545
130,803,356,135,312,42120,45:104,0.4326923076923077
131,691,382,197,279,54963,197:279,0.7060931899641577
131,77,409,59,53,3127,59:53,1.1132075471698113
131,24,421,46,46,2116,1:1,1.0
131,229,369,58,102,5916,29:51,0.5686274509803921
131,309,374,102,83,8466,102:83,1.2289156626506024
131,401,374,37,46,1702,37:46,0.8043478260869565
131,980,370,49,86,4214,49:86,0.5697674418604651
132,423,373,218,288,62784,109:144,0.7569444444444444
133,769,375,137,269,36853,137:269,0.5092936802973977
133,634,374,41,15,615,41:15,2.7333333333333334
134,827,352,139,273,37947,139:273,0.5091575091575091
135,507,380,122,133,16226,122:133,0.9172932330827067
136,824,365,55,104,5720,55:104,0.5288461538461539
137,799,397,75,105,7875,5:7,0.7142857142857143
138,835,412,94,143,13442,94:143,0.6573426573426573
139,893,345,136,313,42568,136:313,0.43450479233226835
139,309,377,58,23,1334,58:23,2.5217391304347827
140,803,402,75,104,7800,75:104,0.7211538461538461
141,839,341,142,317,45014,142:317,0.4479495268138801
142,835,372,165,300,49500,11:20,0.55
143,797,401,75,101,7575,75:101,0.7425742574257426
144,804,339,143,306,43758,143:306,0.4673202614379085
145,848,375,66,105,6930,22:35,0.6285714285714286
146,752,367,150,296,44400,75:148,0.5067567567567568
146,324,337,30,156,4680,5:26,0.19230769230769232
146,452,342,21,125,2625,21:125,0.168
146,396,374,12,54,648,2:9,0.2222222222222222
146,358,379,6,33,198,2:11,0.18181818181818182
146,104,413,14,13,182,14:13,1.0769230769230769
146,110,406,22,15,330,22:15,1.4666666666666666
146,47,414,16,12,192,4:3,1.3333333333333333
146,270,377,12,45,540,4:15,0.26666666666666666
146,240,375,14,71,994,14:71,0.19718309859154928
146,227,371,15,68,1020,15:68,0.22058823529411764
146,196,379,16,56,896,2:7,0.2857142857142857
146,173,387,12,38,456,6:19,0.3157894736842105
147,841,353,141,314,44274,141:314,0.44904458598726116
147,292,400,34,16,544,17:8,2.125
147,423,384,33,13,429,33:13,2.5384615384615383
147,701,392,12,12,144,1:1,1.0
148,845,390,68,97,6596,68:97,0.7010309278350515
149,802,356,133,308,40964,19:44,0.4318181818181818
149,568,380,14,16,224,7:8,0.875
149,13,404,25,19,475,25:19,1.3157894736842106
150,747,411,199,97,19303,199:97,2.051546391752577
150,63,425,122,176,21472,61:88,0.6931818181818182
150,407,400,46,16,736,23:8,2.875
150,340,397,82,20,1640,41:10,4.1
150,255,385,126,42,5292,3:1,3.0
150,513,387,81,28,2268,81:28,2.892857142857143
151,803,354,143,317,45331,143:317,0.45110410094637227
151,201,368,107,39,4173,107:39,2.7435897435897436
152,845,395,59,97,5723,59:97,0.6082474226804123
153,853,387,75,119,8925,75:119,0.6302521008403361
154,806,357,180,307,55260,180:307,0.5863192182410424
155,911,357,125,315,39375,25:63,0.3968253968253968
155,543,378,24,24,576,1:1,1.0
156,88,385,78,31,2418,78:31,2.5161290322580645
156,827,343,147,314,46158,147:314,0.4681528662420382
157,845,351,182,313,56966,182:313,0.5814696485623003
157,494,378,52,18,936,26:9,2.888888888888889
158,793,360,143,328,46904,143:328,0.43597560975609756
159,804,358,134,302,40468,67:151,0.44370860927152317
160,622,413,187,229,42823,187:229,0.8165938864628821
160,443,377,106,66,6996,53:33,1.606060606060606
160,282,404,63,20,1260,63:20,3.15
161,816,361,144,291,41904,48:97,0.4948453608247423
161,178,413,315,138,43470,105:46,2.282608695652174
161,443,356,104,101,10504,104:101,1.0297029702970297
161,532,362,65,76,4940,65:76,0.8552631578947368
162,794,347,147,310,45570,147:310,0.47419354838709676
162,341,366,70,28,1960,5:2,2.5
163,639,416,162,255,41310,54:85,0.6352941176470588
163,980,365,55,36,1980,55:36,1.5277777777777777
163,1007,353,30,48,1440,5:8,0.625
163,555,385,58,22,1276,29:11,2.6363636363636362
163,505,390,25,14,350,25:14,1.7857142857142858
163,480,391,25,14,350,25:14,1.7857142857142858
163,458,394,12,12,144,1:1,1.0
164,841,354,137,314,43018,137:314,0.43630573248407645
164,97,386,83,32,2656,83:32,2.59375
164,635,375,22,13,286,22:13,1.6923076923076923
165,851,377,66,103,6798,66:103,0.6407766990291263
166,746,357,137,309,42333,137:309,0.44336569579288027
166,433,380,55,20,1100,11:4,2.75
167,813,350,178,315,56070,178:315,0.5650793650793651
167,1007,376,28,10,280,14:5,2.8
168,852,378,66,101,6666,66:101,0.6534653465346535
169,844,345,137,320,43840,137:320,0.428125
170,800,356,137,315,43155,137:315,0.43492063492063493
171,231,384,70,26,1820,35:13,2.6923076923076925
171,176,389,16,17,272,16:17,0.9411764705882353
171,878,355,169,317,53573,169:317,0.5331230283911672
172,841,354,152,327,49704,152:327,0.4648318042813456
173,702,372,176,114,20064,88:57,1.543859649122807
173,578,384,145,63,9135,145:63,2.3015873015873014
173,501,393,52,22,1144,26:11,2.3636363636363638
173,815,383,42,20,840,21:10,2.1
173,921,377,62,19,1178,62:19,3.263157894736842
174,792,363,146,302,44092,73:151,0.48344370860927155
174,29,416,35,14,490,5:2,2.5
174,200,408,17,16,272,17:16,1.0625
174,271,371,14,76,1064,7:38,0.18421052631578946
174,342,356,33,113,3729,33:113,0.2920353982300885
174,378,361,15,93,1395,5:31,0.16129032258064516
174,471,393,15,13,195,15:13,1.1538461538461537
174,477,371,5,43,215,5:43,0.11627906976744186
174,449,371,11,49,539,11:49,0.22448979591836735
174,488,376,5,35,175,1:7,0.14285714285714285
174,520,369,9,50,450,9:50,0.18
174,652,361,17,62,1054,17:62,0.27419354838709675
174,667,368,13,44,572,13:44,0.29545454545454547
174,577,379,74,31,2294,74:31,2.3870967741935485
204,913,817,66,29,1914,66:29,2.2758620689655173
204,789,517,148,158,23384,74:79,0.9367088607594937
204,574,643,216,143,30888,216:143,1.5104895104895104
204,1315,739,283,65,18395,283:65,4.3538461538461535
204,1588,745,181,43,7783,181:43,4.209302325581396
204,1718,1002,198,149,29502,198:149,1.3288590604026846
204,1525,873,148,173,25604,148:173,0.8554913294797688
204,1318,895,144,162,23328,8:9,0.8888888888888888
204,771,1006,39,60,2340,13:20,0.65
204,713,1024,39,43,1677,39:43,0.9069767441860465
204,464,935,105,45,4725,7:3,2.3333333333333335
204,378,1059,92,34,3128,46:17,2.7058823529411766
204,302,1042,79,51,4029,79:51,1.5490196078431373
204,1248,868,47,39,1833,47:39,1.205128205128205
204,1467,1005,181,146,26426,181:146,1.2397260273972603
204,371,1042,42,27,1134,14:9,1.5555555555555556
204,444,951,73,24,1752,73:24,3.0416666666666665
205,870,428,512,423,216576,512:423,1.210401891252955
205,1412,946,50,56,2800,25:28,0.8928571428571429
205,1103,321,52,162,8424,26:81,0.32098765432098764
206,106,587,62,60,3720,31:30,1.0333333333333334
206,869,486,35,33,1155,35:33,1.0606060606060606
206,1754,460,46,25,1150,46:25,1.84
207,85,521,83,36,2988,83:36,2.3055555555555554
207,1624,452,124,43,5332,124:43,2.883720930232558
207,1717,454,55,39,2145,55:39,1.4102564102564104
207,1769,453,50,29,1450,50:29,1.7241379310344827
210,1829,692,161,64,10304,161:64,2.515625
210,527,457,941,669,629529,941:669,1.406576980568012
210,104,720,140,195,27300,28:39,0.717948717948718
211,1047,877,158,143,22594,158:143,1.1048951048951048
211,619,490,1236,974,1203864,618:487,1.268993839835729
212,1163,875,157,143,22451,157:143,1.097902097902098
212,664,487,1324,972,1286928,331:243,1.3621399176954732
213,1065,627,1542,680,1048560,771:340,2.2676470588235293
214,1257,446,852,251,213852,852:251,3.394422310756972
214,784,497,163,61,9943,163:61,2.6721311475409837
215,1359,431,833,247,205751,833:247,3.3724696356275303
215,831,469,157,61,9577,157:61,2.5737704918032787
215,750,602,88,43,3784,88:43,2.046511627906977
215,792,566,47,18,846,47:18,2.611111111111111
216,1154,418,804,242,194568,402:121,3.322314049586777
216,634,456,163,61,9943,163:61,2.6721311475409837
216,982,613,87,39,3393,29:13,2.230769230769231
216,1619,617,47,18,846,47:18,2.611111111111111
217,1021,702,378,302,114156,189:151,1.2516556291390728
218,732,734,398,317,126166,398:317,1.2555205047318612
219,928,534,516,448,231168,129:112,1.1517857142857142
220,872,596,1425,492,701100,475:164,2.8963414634146343
221,882,488,1194,455,543270,1194:455,2.624175824175824
222,560,536,181,136,24616,181:136,1.3308823529411764
223,175,575,201,145,29145,201:145,1.3862068965517242
224,341,505,609,676,411684,609:676,0.900887573964497
224,1069,538,86,36,3096,43:18,2.388888888888889
224,1024,406,26,18,468,13:9,1.4444444444444444
224,660,497,37,33,1221,37:33,1.121212121212121
224,97,737,69,104,7176,69:104,0.6634615384615384
224,342,269,25,19,475,25:19,1.3157894736842106
224,200,356,20,51,1020,20:51,0.39215686274509803
224,187,479,39,24,936,13:8,1.625
225,967,875,68,41,2788,68:41,1.6585365853658536
225,835,589,649,173,112277,649:173,3.7514450867052025
226,1190,891,120,29,3480,120:29,4.137931034482759
226,953,594,627,178,111606,627:178,3.5224719101123596
226,1618,875,203,406,82418,1:2,0.5
227,1038,748,216,171,36936,24:19,1.263157894736842
227,1242,287,33,131,4323,33:131,0.25190839694656486
227,1466,577,53,105,5565,53:105,0.5047619047619047
227,1366,89,69,133,9177,69:133,0.518796992481203
227,1474,87,37,111,4107,1:3,0.3333333333333333
227,1636,90,69,124,8556,69:124,0.5564516129032258
227,1724,105,39,84,3276,13:28,0.4642857142857143
227,1902,130,23,21,483,23:21,1.0952380952380953
228,408,686,200,165,33000,40:33,1.2121212121212122
228,1339,805,70,25,1750,14:5,2.8
228,1299,546,44,103,4532,44:103,0.42718446601941745
228,1067,289,81,139,11259,81:139,0.5827338129496403
228,1328,124,63,53,3339,63:53,1.1886792452830188
228,1463,96,39,83,3237,39:83,0.46987951807228917
228,1609,98,53,101,5353,53:101,0.5247524752475248
228,1637,96,51,77,3927,51:77,0.6623376623376623
228,1716,103,34,77,2618,34:77,0.44155844155844154
228,1905,214,27,11,297,27:11,2.4545454545454546
228,1911,118,14,45,630,14:45,0.3111111111111111
251,1160,275,133,51,6783,133:51,2.607843137254902
251,1064,271,58,40,2320,29:20,1.45
251,992,224,83,115,9545,83:115,0.7217391304347827
251,821,267,28,10,280,14:5,2.8
251,776,262,55,19,1045,55:19,2.8947368421052633
251,107,289,158,104,16432,79:52,1.5192307692307692
251,252,263,102,94,9588,51:47,1.0851063829787233
251,361,229,77,113,8701,77:113,0.6814159292035398
251,552,265,140,38,5320,70:19,3.6842105263157894
251,443,263,22,20,440,11:10,1.1
251,626,231,43,79,3397,43:79,0.5443037974683544
252,1058,241,18,28,504,9:14,0.6428571428571429
253,45,314,88,74,6512,44:37,1.1891891891891893
253,140,258,86,145,12470,86:145,0.593103448275862
253,218,231,89,177,15753,89:177,0.5028248587570622
253,326,280,57,41,2337,57:41,1.3902439024390243
253,394,276,58,27,1566,58:27,2.1481481481481484
253,432,264,33,37,1221,33:37,0.8918918918918919
253,470,262,43,37,1591,43:37,1.162162162162162
253,524,267,67,15,1005,67:15,4.466666666666667
253,500,237,22,49,1078,22:49,0.4489795918367347
253,558,237,30,55,1650,6:11,0.5454545454545454
253,585,247,13,25,325,13:25,0.52
253,1213,242,130,154,20020,65:77,0.8441558441558441
253,1027,232,159,119,18921,159:119,1.3361344537815125
253,930,264,57,36,2052,19:12,1.5833333333333333
253,886,267,30,21,630,10:7,1.4285714285714286
253,856,240,44,61,2684,44:61,0.7213114754098361
253,761,261,34,10,340,17:5,3.4
253,706,265,17,7,119,17:7,2.4285714285714284
254,12,289,22,93,2046,22:93,0.23655913978494625
254,172,239,109,133,14497,109:133,0.8195488721804511
254,290,278,27,13,351,27:13,2.076923076923077
254,235,275,23,31,713,23:31,0.7419354838709677
254,317,278,18,13,234,18:13,1.3846153846153846
254,336,275,17,14,238,17:14,1.2142857142857142
254,305,262,27,21,567,9:7,1.2857142857142858
254,349,264,21,22,462,21:22,0.9545454545454546
254,392,252,17,33,561,17:33,0.5151515151515151
254,443,269,15,12,180,5:4,1.25
254,557,281,186,35,6510,186:35,5.314285714285714
254,1234,300,87,74,6438,87:74,1.1756756756756757
254,1138,288,117,75,8775,39:25,1.56
254,1006,224,142,169,23998,142:169,0.8402366863905325
254,526,232,45,67,3015,45:67,0.6716417910447762
254,690,275,75,22,1650,75:22,3.409090909090909
255,161,220,194,206,39964,97:103,0.941747572815534
255,287,279,43,25,1075,43:25,1.72
255,375,203,42,172,7224,21:86,0.2441860465116279
255,404,265,37,39,1443,37:39,0.9487179487179487
255,440,272,28,14,392,2:1,2.0
255,473,261,26,23,598,26:23,1.1304347826086956
255,532,238,18,49,882,18:49,0.3673469387755102
255,566,265,13,12,156,13:12,1.0833333333333333
255,659,260,25,21,525,25:21,1.1904761904761905
255,896,276,276,74,20424,138:37,3.72972972972973
256,166,282,98,70,6860,7:5,1.4
256,467,264,21,18,378,7:6,1.1666666666666667
256,487,232,28,79,2212,28:79,0.35443037974683544
256,603,264,10,11,110,10:11,0.9090909090909091
256,1248,382,60,96,5760,5:8,0.625
256,1162,345,233,70,16310,233:70,3.3285714285714287
256,1045,340,86,50,4300,43:25,1.72
256,1020,320,133,34,4522,133:34,3.911764705882353
256,1026,304,201,45,9045,67:15,4.466666666666667
256,901,320,58,25,1450,58:25,2.32
256,721,211,62,94,5828,31:47,0.6595744680851063
257,1251,338,56,64,3584,7:8,0.875
257,1227,330,89,63,5607,89:63,1.4126984126984128
257,1153,299,82,69,5658,82:69,1.1884057971014492
257,534,234,36,80,2880,9:20,0.45
257,506,263,21,19,399,21:19,1.105263157894737
257,810,204,70,104,7280,35:52,0.6730769230769231
258,267,266,37,41,1517,37:41,0.9024390243902439
258,305,221,51,126,6426,17:42,0.40476190476190477
258,542,263,13,10,130,13:10,1.3
258,620,261,30,11,330,30:11,2.727272727272727
258,649,197,77,121,9317,7:11,0.6363636363636364
259,740,270,25,20,500,5:4,1.25
259,763,267,16,23,368,16:23,0.6956521739130435
259,707,263,52,19,988,52:19,2.736842105263158
259,742,155,122,211,25742,122:211,0.5781990521327014
260,1113,257,156,99,15444,52:33,1.5757575757575757
260,842,272,35,33,1155,35:33,1.0606060606060606
260,793,265,76,25,1900,76:25,3.04
260,827,133,149,263,39187,149:263,0.5665399239543726
260,728,258,15,8,120,15:8,1.875
261,1003,292,63,41,2583,63:41,1.5365853658536586
261,1021,280,152,64,9728,19:8,2.375
261,893,272,110,32,3520,55:16,3.4375
261,912,139,175,277,48475,175:277,0.631768953068592
261,867,229,29,63,1827,29:63,0.4603174603174603
262,1002,286,169,46,7774,169:46,3.6739130434782608
262,988,141,226,281,63506,226:281,0.8042704626334519
262,914,248,44,49,2156,44:49,0.8979591836734694
262,899,225,63,88,5544,63:88,0.7159090909090909
263,1253,366,49,68,3332,49:68,0.7205882352941176
263,1170,327,216,102,22032,36:17,2.1176470588235294
263,1047,167,462,333,153846,154:111,1.3873873873873874
263,835,236,112,85,9520,112:85,1.3176470588235294
263,768,220,68,97,6596,68:97,0.7010309278350515
264,1068,219,420,228,95760,35:19,1.8421052631578947
264,790,171,185,226,41810,185:226,0.8185840707964602
264,694,258,14,18,252,7:9,0.7777777777777778
264,404,266,22,9,198,22:9,2.4444444444444446
264,375,262,17,26,442,17:26,0.6538461538461539
264,350,260,17,27,459,17:27,0.6296296296296297
264,334,262,13,28,364,13:28,0.4642857142857143
265,1088,269,13,12,156,13:12,1.0833333333333333
265,858,257,59,7,413,59:7,8.428571428571429
265,1102,254,19,11,209,19:11,1.7272727272727273
265,1040,252,29,17,493,29:17,1.7058823529411764
265,611,272,19,12,228,19:12,1.5833333333333333
265,653,240,27,45,1215,3:5,0.6
265,684,259,22,7,154,22:7,3.142857142857143
265,800,255,30,14,420,15:7,2.142857142857143
265,621,241,20,45,900,4:9,0.4444444444444444
265,582,241,19,44,836,19:44,0.4318181818181818
265,564,256,24,15,360,8:5,1.6
265,534,260,26,13,338,2:1,2.0
265,546,243,12,36,432,1:3,0.3333333333333333
266,1256,260,21,13,273,21:13,1.6153846153846154
266,1171,268,15,8,120,15:8,1.875
266,1086,258,33,13,429,33:13,2.5384615384615383
266,1018,255,47,25,1175,47:25,1.88
266,734,261,106,19,2014,106:19,5.578947368421052
266,645,265,17,11,187,17:11,1.5454545454545454
266,620,269,34,7,238,34:7,4.857142857142857
266,429,249,22,51,1122,22:51,0.43137254901960786
266,357,272,31,13,403,31:13,2.3846153846153846
266,315,241,39,77,3003,39:77,0.5064935064935064
266,250,243,34,74,2516,17:37,0.4594594594594595
266,152,252,49,78,3822,49:78,0.6282051282051282
267,860,252,34,9,306,34:9,3.7777777777777777
267,298,267,46,28,1288,23:14,1.6428571428571428
267,334,265,26,21,546,26:21,1.2380952380952381
267,379,257,69,38,2622,69:38,1.8157894736842106
267,541,257,34,16,544,17:8,2.125
267,514,260,54,15,810,18:5,3.6
268,104,284,93,88,8184,93:88,1.0568181818181819
268,160,286,45,45,2025,1:1,1.0
268,188,283,27,33,891,9:11,0.8181818181818182
268,215,279,37,31,1147,37:31,1.1935483870967742
268,242,269,12,42,504,2:7,0.2857142857142857
268,253,265,19,39,741,19:39,0.48717948717948717
268,274,267,39,29,1131,39:29,1.3448275862068966
268,294,260,44,34,1496,22:17,1.2941176470588236
268,335,248,34,48,1632,17:24,0.7083333333333334
268,353,250,16,37,592,16:37,0.43243243243243246
268,403,257,10,11,110,10:11,0.9090909090909091
268,417,251,9,27,243,1:3,0.3333333333333333
268,918,251,113,80,9040,113:80,1.4125
268,803,241,89,82,7298,89:82,1.0853658536585367
268,700,239,100,69,6900,100:69,1.4492753623188406
268,643,243,31,55,1705,31:55,0.5636363636363636
268,617,263,22,13,286,22:13,1.6923076923076923
268,602,243,53,47,2491,53:47,1.127659574468085
268,516,262,22,5,110,22:5,4.4
269,788,252,46,14,644,23:7,3.2857142857142856
269,583,254,15,9,135,5:3,1.6666666666666667
269,357,256,11,20,220,11:20,0.55
269,221,273,92,37,3404,92:37,2.4864864864864864
269,38,293,47,21,987,47:21,2.238095238095238
269,256,230,190,104,19760,95:52,1.8269230769230769
270,48,244,94,134,12596,47:67,0.7014925373134329
270,147,228,168,125,21000,168:125,1.344
270,241,262,10,20,200,1:2,0.5
270,539,259,19,6,114,19:6,3.1666666666666665
271,1014,239,69,106,7314,69:106,0.6509433962264151
271,870,267,48,10,480,24:5,4.8
271,793,263,14,13,182,14:13,1.0769230769230769
271,742,266,36,9,324,4:1,4.0
271,606,269,39,14,546,39:14,2.7857142857142856
271,545,271,43,8,344,43:8,5.375
271,454,269,34,12,408,17:6,2.8333333333333335
271,322,251,58,55,3190,58:55,1.0545454545454545
271,281,259,24,38,912,12:19,0.631578947368421
271,252,272,73,26,1898,73:26,2.8076923076923075
271,166,266,103,52,5356,103:52,1.9807692307692308
272,1057,277,21,10,210,21:10,2.1
272,725,278,68,10,680,34:5,6.8
272,680,277,48,9,432,16:3,5.333333333333333
272,557,270,25,25,625,1:1,1.0
272,475,281,66,18,1188,11:3,3.6666666666666665
272,377,280,13,8,104,13:8,1.625
272,408,281,15,16,240,15:16,0.9375
272,308,280,19,19,361,1:1,1.0
272,211,288,70,23,1610,70:23,3.0434782608695654
272,78,300,63,14,882,9:2,4.5
273,25,315,49,32,1568,49:32,1.53125
273,86,303,18,21,378,6:7,0.8571428571428571
273,146,292,52,39,2028,4:3,1.3333333333333333
273,386,302,111,20,2220,111:20,5.55
273,349,292,120,33,3960,40:11,3.6363636363636362
273,681,293,35,10,350,7:2,3.5
273,644,294,38,12,456,19:6,3.1666666666666665
274,1247,310,59,45,2655,59:45,1.3111111111111111
274,1021,294,40,19,760,40:19,2.1052631578947367
274,900,284,44,41,1804,44:41,1.0731707317073171
274,860,277,33,28,924,33:28,1.1785714285714286
274,51,268,31,44,1364,31:44,0.7045454545454546
274,530,270,53,22,1166,53:22,2.409090909090909
274,660,268,162,29,4698,162:29,5.586206896551724
274,783,271,75,18,1350,25:6,4.166666666666667
274,1014,244,112,67,7504,112:67,1.671641791044776
274,1092,282,44,14,616,22:7,3.142857142857143
274,503,254,31,48,1488,31:48,0.6458333333333334
275,687,261,33,9,297,11:3,3.6666666666666665
275,1006,262,56,26,1456,28:13,2.1538461538461537
275,974,261,38,26,988,19:13,1.4615384615384615
275,1170,261,169,50,8450,169:50,3.38
275,1268,270,20,32,640,5:8,0.625
276,110,282,26,10,260,13:5,2.6
276,435,270,28,7,196,4:1,4.0
277,345,272,33,12,396,11:4,2.75
277,790,264,36,7,252,36:7,5.142857142857143
278,241,286,46,13,598,46:13,3.5384615384615383
278,664,248,11,39,429,11:39,0.28205128205128205
279,47,294,63,36,2268,7:4,1.75
279,320,282,32,10,320,16:5,3.2
279,555,249,7,20,140,7:20,0.35
279,578,246,10,38,380,5:19,0.2631578947368421
280,408,282,57,29,1653,57:29,1.9655172413793103
280,598,273,29,9,261,29:9,3.2222222222222223
280,682,247,9,35,315,9:35,0.2571428571428571
281,365,279,17,16,272,17:16,1.0625
281,502,251,13,21,273,13:21,0.6190476190476191
281,723,266,23,15,345,23:15,1.5333333333333334
281,677,250,15,38,570,15:38,0.39473684210526316
282,1219,238,118,173,20414,118:173,0.6820809248554913
282,922,237,130,106,13780,65:53,1.2264150943396226
282,771,251,54,48,2592,9:8,1.125
282,726,257,36,32,1152,9:8,1.125
282,682,246,49,49,2401,1:1,1.0
282,632,246,21,40,840,21:40,0.525
282,527,272,29,19,551,29:19,1.5263157894736843
282,535,236,31,53,1643,31:53,0.5849056603773585
282,561,248,19,34,646,19:34,0.5588235294117647
282,581,258,22,11,242,2:1,2.0
282,297,276,41,34,1394,41:34,1.2058823529411764
282,342,253,17,57,969,17:57,0.2982456140350877
282,382,265,28,19,532,28:19,1.4736842105263157
282,405,264,17,17,289,1:1,1.0
282,434,265,38,11,418,38:11,3.4545454545454546
282,363,274,17,8,136,17:8,2.125
283,17,286,33,10,330,33:10,3.3
283,1045,244,9,29,261,9:29,0.3103448275862069
283,1231,262,25,11,275,25:11,2.272727272727273
283,1194,249,9,24,216,3:8,0.375
284,24,249,47,85,3995,47:85,0.5529411764705883
284,1254,243,8,31,248,8:31,0.25806451612903225
284,585,257,11,11,121,1:1,1.0
285,317,270,16,7,112,16:7,2.2857142857142856
285,11,291,18,7,126,18:7,2.5714285714285716
285,166,277,22,10,220,11:5,2.2
286,251,280,11,11,121,1:1,1.0
286,838,257,15,15,225,1:1,1.0
287,752,269,24,14,336,12:7,1.7142857142857142
287,243,290,69,22,1518,69:22,3.1363636363636362
287,195,289,52,25,1300,52:25,2.08
287,31,269,60,92,5520,15:23,0.6521739130434783
287,146,239,44,127,5588,44:127,0.3464566929133858
288,1247,272,52,19,988,52:19,2.736842105263158
288,545,279,73,20,1460,73:20,3.65
288,445,296,133,36,4788,133:36,3.6944444444444446
288,372,299,94,35,3290,94:35,2.6857142857142855
288,332,211,109,200,21800,109:200,0.545
288,53,191,49,288,14112,49:288,0.1701388888888889
288,127,167,49,328,16072,49:328,0.14939024390243902
288,217,292,69,31,2139,69:31,2.225806451612903
288,173,293,59,27,1593,59:27,2.185185185185185
288,184,242,84,103,8652,84:103,0.8155339805825242
289,364,282,80,48,3840,5:3,1.6666666666666667
289,412,277,38,39,1482,38:39,0.9743589743589743
289,443,275,37,28,1036,37:28,1.3214285714285714
289,476,271,37,31,1147,37:31,1.1935483870967742
289,499,273,21,17,357,21:17,1.2352941176470589
289,519,270,23,16,368,23:16,1.4375
289,544,265,33,20,660,33:20,1.65
289,573,258,37,25,925,37:25,1.48
289,615,261,45,13,585,45:13,3.4615384615384617
289,1272,278,11,59,649,11:59,0.1864406779661017
289,1067,250,80,72,5760,10:9,1.1111111111111112
289,992,252,53,51,2703,53:51,1.0392156862745099
289,929,253,70,42,2940,5:3,1.6666666666666667
289,753,265,21,17,357,21:17,1.2352941176470589
289,884,263,19,14,266,19:14,1.3571428571428572
289,854,243,28,45,1260,28:45,0.6222222222222222
289,790,260,26,4,104,13:2,6.5
289,744,233,27,46,1242,27:46,0.5869565217391305
290,31,323,61,97,5917,61:97,0.6288659793814433
290,117,315,106,117,12402,106:117,0.905982905982906
290,207,321,51,25,1275,51:25,2.04
290,325,309,121,22,2662,11:2,5.5
290,626,337,277,73,20221,277:73,3.7945205479452055
290,493,344,191,52,9932,191:52,3.673076923076923
290,814,281,96,26,2496,48:13,3.6923076923076925
290,720,287,43,20,860,43:20,2.15
290,315,275,131,52,6812,131:52,2.519230769230769
291,711,478,592,305,180560,592:305,1.9409836065573771
291,391,465,475,108,51300,475:108,4.398148148148148
291,302,231,345,460,158700,3:4,0.75
291,305,227,374,426,159324,187:213,0.8779342723004695
291,117,253,173,235,40655,173:235,0.7361702127659574
291,89,238,136,221,30056,8:13,0.6153846153846154
291,746,302,136,36,4896,34:9,3.7777777777777777
291,641,213,57,231,13167,19:77,0.24675324675324675
291,595,310,45,32,1440,45:32,1.40625
291,546,307,64,28,1792,16:7,2.2857142857142856
291,503,305,60,32,1920,15:8,1.875
292,623,271,21,6,126,7:2,3.5
292,730,264,15,8,120,15:8,1.875
292,755,263,16,8,128,2:1,2.0
292,794,234,46,71,3266,46:71,0.647887323943662
292,851,259,39,16,624,39:16,2.4375
293,1197,266,34,10,340,17:5,3.4
294,642,248,18,15,270,6:5,1.2
294,560,247,17,29,493,17:29,0.5862068965517241
294,525,233,36,67,2412,36:67,0.5373134328358209
295,290,228,83,110,9130,83:110,0.7545454545454545
295,359,252,24,38,912,12:19,0.631578947368421
295,450,277,21,18,378,7:6,1.1666666666666667
295,460,253,27,18,486,3:2,1.5
296,369,195,77,262,20174,77:262,0.29389312977099236
296,530,239,73,58,4234,73:58,1.2586206896551724
296,809,243,16,17,272,16:17,0.9411764705882353
297,1019,269,107,48,5136,107:48,2.2291666666666665
297,974,253,23,25,575,23:25,0.92
297,937,253,35,29,1015,35:29,1.206896551724138
297,895,251,32,28,896,8:7,1.1428571428571428
297,767,243,53,35,1855,53:35,1.5142857142857142
297,654,247,36,23,828,36:23,1.565217391304348
297,603,225,60,91,5460,60:91,0.6593406593406593
297,427,214,80,130,10400,8:13,0.6153846153846154
297,466,214,37,104,3848,37:104,0.3557692307692308
297,490,210,44,100,4400,11:25,0.44
298,1159,276,148,69,10212,148:69,2.1449275362318843
298,1096,243,46,56,2576,23:28,0.8214285714285714
298,1054,243,42,57,2394,14:19,0.7368421052631579
298,868,237,70,54,3780,35:27,1.2962962962962963
298,679,220,61,105,6405,61:105,0.580952380952381
298,447,203,114,156,17784,19:26,0.7307692307692307
298,515,210,47,125,5875,47:125,0.376
298,559,204,58,112,6496,29:56,0.5178571428571429
298,1023,256,21,24,504,7:8,0.875
299,356,203,149,178,26522,149:178,0.8370786516853933
299,441,209,69,135,9315,23:45,0.5111111111111111
299,486,248,18,46,828,9:23,0.391304347826087
299,504,205,56,118,6608,28:59,0.4745762711864407
299,1168,287,188,75,14100,188:75,2.506666666666667
299,1049,257,51,46,2346,51:46,1.108695652173913
299,638,222,60,112,6720,15:28,0.5357142857142857
299,829,240,75,58,4350,75:58,1.293103448275862
299,1007,260,30,29,870,30:29,1.0344827586206897
300,1255,254,46,88,4048,23:44,0.5227272727272727
300,1191,262,78,56,4368,39:28,1.3928571428571428
300,1142,262,63,43,2709,63:43,1.4651162790697674
300,935,229,159,85,13515,159:85,1.8705882352941177
300,722,217,87,122,10614,87:122,0.7131147540983607
300,646,239,17,31,527,17:31,0.5483870967741935
300,348,189,188,208,39104,47:52,0.9038461538461539
300,464,202,80,150,12000,8:15,0.5333333333333333
300,514,242,24,50,1200,12:25,0.48
300,535,200,62,122,7564,31:61,0.5081967213114754
300,570,245,12,30,360,2:5,0.4
300,585,244,10,27,270,10:27,0.37037037037037035
301,299,175,362,308,111496,181:154,1.1753246753246753
301,510,194,146,192,28032,73:96,0.7604166666666666
301,598,243,39,54,2106,13:18,0.7222222222222222
301,632,195,80,142,11360,40:71,0.5633802816901409
301,1081,217,136,131,17816,136:131,1.0381679389312977
301,913,242,153,93,14229,51:31,1.6451612903225807
301,824,234,37,65,2405,37:65,0.5692307692307692
301,700,244,8,33,264,8:33,0.24242424242424243
301,755,241,13,31,403,13:31,0.41935483870967744
302,232,210,463,418,193534,463:418,1.1076555023923444
302,521,165,239,281,67159,239:281,0.8505338078291815
302,659,239,49,68,3332,49:68,0.7205882352941176
302,706,183,84,156,13104,7:13,0.5384615384615384
302,748,244,15,31,465,15:31,0.4838709677419355
302,783,242,12,36,432,1:3,0.3333333333333333
302,834,235,16,40,640,2:5,0.4
302,935,229,46,77,3542,46:77,0.5974025974025974
302,1141,195,275,233,64075,275:233,1.1802575107296138
303,955,221,59,104,6136,59:104,0.5673076923076923
303,274,209,546,416,227136,21:16,1.3125
303,341,95,88,57,5016,88:57,1.543859649122807
303,402,117,53,38,2014,53:38,1.394736842105263
303,440,134,40,33,1320,40:33,1.2121212121212122
303,587,233,66,99,6534,2:3,0.6666666666666666
303,650,170,72,196,14112,18:49,0.3673469387755102
303,736,243,15,41,615,15:41,0.36585365853658536
303,785,234,21,42,882,1:2,0.5
303,695,259,18,8,144,9:4,2.25
304,759,217,113,147,16611,113:147,0.7687074829931972
304,510,243,21,41,861,21:41,0.5121951219512195
304,450,229,20,105,2100,4:21,0.19047619047619047
304,39,169,76,336,25536,19:84,0.2261904761904762
304,98,246,155,169,26195,155:169,0.9171597633136095
304,235,238,108,154,16632,54:77,0.7012987012987013
304,403,269,23,10,230,23:10,2.3
304,333,160,123,253,31119,123:253,0.48616600790513836
304,419,252,12,24,288,1:2,0.5
304,405,250,10,28,280,5:14,0.35714285714285715
305,959,203,233,232,54056,233:232,1.0043103448275863
305,851,227,67,102,6834,67:102,0.6568627450980392
305,113,234,225,264,59400,75:88,0.8522727272727273
305,446,205,44,197,8668,44:197,0.2233502538071066
305,666,242,110,48,5280,55:24,2.2916666666666665
305,596,238,24,51,1224,8:17,0.47058823529411764
305,534,262,69,14,966,69:14,4.928571428571429
305,460,271,29,14,406,29:14,2.0714285714285716
305,348,149,167,289,48263,167:289,0.5778546712802768
305,271,254,75,78,5850,25:26,0.9615384615384616
306,69,214,137,427,58499,137:427,0.32084309133489464
306,285,154,249,307,76443,249:307,0.8110749185667753
306,423,272,39,20,780,39:20,1.95
306,421,252,10,18,180,5:9,0.5555555555555556
306,493,253,11,28,308,11:28,0.39285714285714285
306,496,252,28,26,728,14:13,1.0769230769230769
306,600,239,28,47,1316,28:47,0.5957446808510638
306,678,225,125,85,10625,25:17,1.4705882352941178
306,1110,181,336,360,120960,14:15,0.9333333333333333
306,911,215,79,138,10902,79:138,0.572463768115942
307,220,240,181,125,22625,181:125,1.448
307,439,211,53,198,10494,53:198,0.2676767676767677
307,762,246,17,19,323,17:19,0.8947368421052632
307,846,248,29,14,406,29:14,2.0714285714285716
308,1055,202,206,196,40376,103:98,1.0510204081632653
308,353,279,54,31,1674,54:31,1.7419354838709677
308,572,231,30,68,2040,15:34,0.4411764705882353
308,687,227,114,86,9804,57:43,1.3255813953488371
308,611,262,37,13,481,37:13,2.8461538461538463
308,175,170,347,334,115898,347:334,1.0389221556886228
309,1201,223,154,231,35574,2:3,0.6666666666666666
309,700,240,138,77,10626,138:77,1.7922077922077921
309,624,240,96,63,6048,32:21,1.5238095238095237
309,566,226,33,85,2805,33:85,0.38823529411764707
309,465,263,12,16,192,3:4,0.75
309,77,174,153,345,52785,51:115,0.4434782608695652
309,177,296,111,38,4218,111:38,2.9210526315789473
309,260,284,24,23,552,24:23,1.0434782608695652
310,161,303,93,35,3255,93:35,2.657142857142857
310,233,294,41,31,1271,41:31,1.3225806451612903
310,516,267,14,13,182,14:13,1.0769230769230769
310,552,267,14,13,182,14:13,1.0769230769230769
310,601,255,23,14,322,23:14,1.6428571428571428
310,713,217,41,104,4264,41:104,0.3942307692307692
310,767,229,60,92,5520,15:23,0.6521739130434783
310,902,199,229,191,43739,229:191,1.198952879581152
311,1012,185,532,363,193116,532:363,1.465564738292011
311,272,282,30,23,690,30:23,1.3043478260869565
311,356,278,25,18,450,25:18,1.3888888888888888
311,702,221,132,139,18348,132:139,0.9496402877697842
311,599,207,58,142,8236,29:71,0.4084507042253521
311,462,260,18,13,234,18:13,1.3846153846153846
311,446,260,12,11,132,12:11,1.0909090909090908
312,465,282,29,24,696,29:24,1.2083333333333333
312,1002,197,329,284,93436,329:284,1.158450704225352
312,1243,194,70,105,7350,2:3,0.6666666666666666
312,767,183,89,215,19135,89:215,0.413953488372093
312,590,240,15,51,765,5:17,0.29411764705882354
312,577,252,11,23,253,11:23,0.4782608695652174
312,536,256,16,8,128,2:1,2.0
312,562,258,21,6,126,7:2,3.5
312,393,249,19,47,893,19:47,0.40425531914893614
312,494,256,13,10,130,13:10,1.3
313,377,300,42,21,882,2:1,2.0
313,1189,317,179,217,38843,179:217,0.8248847926267281
313,852,162,172,322,55384,86:161,0.5341614906832298
313,623,250,24,38,912,12:19,0.631578947368421
313,590,255,29,25,725,29:25,1.16
313,565,260,19,8,152,19:8,2.375
313,357,273,23,7,161,23:7,3.2857142857142856
314,1231,362,94,169,15886,94:169,0.5562130177514792
314,661,249,33,50,1650,33:50,0.66
314,626,233,22,75,1650,22:75,0.29333333333333333
314,610,230,14,74,1036,7:37,0.1891891891891892
314,310,278,33,9,297,11:3,3.6666666666666665
314,336,242,32,77,2464,32:77,0.4155844155844156
314,413,243,26,53,1378,26:53,0.49056603773584906
314,480,257,15,10,150,3:2,1.5
315,211,289,56,19,1064,56:19,2.9473684210526314
315,409,271,27,9,243,3:1,3.0
315,517,256,24,13,312,24:13,1.8461538461538463
315,729,242,50,80,4000,5:8,0.625
315,676,226,29,95,2755,29:95,0.30526315789473685
315,657,219,16,100,1600,4:25,0.16
315,597,257,42,15,630,14:5,2.8
316,856,227,104,168,17472,13:21,0.6190476190476191
316,738,258,46,52,2392,23:26,0.8846153846153846
316,703,213,29,131,3799,29:131,0.22137404580152673
316,36,319,62,20,1240,31:10,3.1
316,551,260,52,13,676,4:1,4.0
316,84,299,67,45,3015,67:45,1.488888888888889
316,129,305,37,20,740,37:20,1.85
316,524,249,38,29,1102,38:29,1.3103448275862069
316,195,298,33,20,660,33:20,1.65
316,261,289,49,17,833,49:17,2.8823529411764706
316,356,236,54,93,5022,18:31,0.5806451612903226
317,603,214,57,163,9291,57:163,0.3496932515337423
317,875,243,19,23,437,19:23,0.8260869565217391
317,938,246,24,13,312,24:13,1.8461538461538463
318,1274,257,8,12,96,2:3,0.6666666666666666
318,1235,248,15,27,405,5:9,0.5555555555555556
318,1164,219,38,152,5776,1:4,0.25
319,973,270,55,20,1100,11:4,2.75
319,931,224,21,112,2352,3:16,0.1875
319,820,278,92,19,1748,92:19,4.842105263157895
319,661,230,78,86,6708,39:43,0.9069767441860465
319,588,167,38,256,9728,19:128,0.1484375
319,473,197,38,199,7562,38:199,0.19095477386934673
319,373,233,48,135,6480,16:45,0.35555555555555557
319,318,294,37,13,481,37:13,2.8461538461538463
319,273,295,43,11,473,43:11,3.909090909090909
319,229,292,43,24,1032,43:24,1.7916666666666667
319,142,295,50,23,1150,50:23,2.1739130434782608
319,96,300,41,18,738,41:18,2.2777777777777777
319,31,303,33,16,528,33:16,2.0625
320,1003,274,31,16,496,31:16,1.9375
320,107,310,70,25,1750,14:5,2.8
320,58,249,34,160,5440,17:80,0.2125
321,83,200,167,238,39746,167:238,0.7016806722689075
321,302,249,36,55,1980,36:55,0.6545454545454545
321,442,247,27,32,864,27:32,0.84375
322,414,246,43,27,1161,43:27,1.5925925925925926
322,516,253,22,10,220,11:5,2.2
322,550,251,17,9,153,17:9,1.8888888888888888
322,886,234,195,56,10920,195:56,3.482142857142857
323,679,230,255,65,16575,51:13,3.923076923076923
323,55,257,48,30,1440,8:5,1.6
324,882,227,310,73,22630,310:73,4.2465753424657535
324,33,261,64,38,2432,32:19,1.6842105263157894
325,958,224,331,80,26480,331:80,4.1375
326,1101,227,329,82,26978,329:82,4.012195121951219
327,44,254,86,56,4816,43:28,1.5357142857142858
328,177,246,150,66,9900,25:11,2.272727272727273
329,286,243,199,72,14328,199:72,2.763888888888889
330,540,232,252,81,20412,28:9,3.111111111111111
330,1264,261,27,21,567,9:7,1.2857142857142858
331,102,246,75,93,6975,25:31,0.8064516129032258
331,342,253,43,24,1032,43:24,1.7916666666666667
331,513,250,10,14,140,5:7,0.7142857142857143
332,950,273,34,5,170,34:5,6.8
332,971,246,47,55,2585,47:55,0.8545454545454545
332,908,226,299,88,26312,299:88,3.397727272727273
333,495,275,32,4,128,8:1,8.0
333,483,260,39,18,702,13:6,2.1666666666666665
333,594,250,36,50,1800,18:25,0.72
333,1195,230,165,91,15015,165:91,1.8131868131868132
334,1112,260,48,19,912,48:19,2.526315789473684
334,1007,261,27,11,297,27:11,2.4545454545454546
334,612,281,22,6,132,11:3,3.6666666666666665
334,504,246,29,51,1479,29:51,0.5686274509803921
334,412,262,25,13,325,25:13,1.9230769230769231
334,80,254,68,45,3060,68:45,1.511111111111111
335,244,248,92,49,4508,92:49,1.8775510204081634
335,349,263,28,14,392,2:1,2.0
335,416,253,22,37,814,22:37,0.5945945945945946
335,804,260,24,10,240,12:5,2.4
335,893,256,50,24,1200,25:12,2.0833333333333335
336,703,253,33,17,561,33:17,1.9411764705882353
336,613,258,17,7,119,17:7,2.4285714285714284
336,378,242,102,57,5814,34:19,1.7894736842105263
336,296,263,14,10,140,7:5,1.4
337,378,258,24,14,336,12:7,1.7142857142857142
337,117,261,13,30,390,13:30,0.43333333333333335
337,310,252,117,35,4095,117:35,3.342857142857143
338,281,238,137,68,9316,137:68,2.014705882352941
338,141,266,21,14,294,3:2,1.5
339,402,235,169,76,12844,169:76,2.223684210526316
339,56,275,16,10,160,8:5,1.6
340,489,236,209,76,15884,11:4,2.75
341,909,248,98,32,3136,49:16,3.0625
341,722,222,255,95,24225,51:19,2.6842105263157894
342,603,244,12,14,168,6:7,0.8571428571428571
342,351,240,48,48,2304,1:1,1.0
343,414,255,70,29,2030,70:29,2.413793103448276
343,1117,221,261,99,25839,29:11,2.6363636363636362
344,1046,241,126,46,5796,63:23,2.739130434782609
344,116,264,44,21,924,44:21,2.0952380952380953
345,818,240,121,51,6171,121:51,2.372549019607843
346,695,242,109,44,4796,109:44,2.477272727272727
347,17,266,32,29,928,32:29,1.103448275862069
347,567,244,113,43,4859,113:43,2.627906976744186
348,64,234,126,86,10836,63:43,1.4651162790697674
348,453,237,95,46,4370,95:46,2.0652173913043477
349,373,242,81,47,3807,81:47,1.7234042553191489
349,106,236,211,93,19623,211:93,2.2688172043010755
350,1071,231,94,49,4606,94:49,1.9183673469387754
350,83,271,36,15,540,12:5,2.4
350,242,220,364,110,40040,182:55,3.309090909090909
351,803,242,87,38,3306,87:38,2.289473684210526
351,597,264,67,20,1340,67:20,3.35
351,512,217,468,122,57096,234:61,3.8360655737704916
351,272,259,32,38,1216,16:19,0.8421052631578947
352,828,203,542,131,71002,542:131,4.137404580152672
352,441,256,79,29,2291,79:29,2.7241379310344827
353,186,244,57,72,4104,19:24,0.7916666666666666
353,556,251,14,18,252,7:9,0.7777777777777778
354,39,279,46,16,736,23:8,2.875
354,410,246,47,40,1880,47:40,1.175
354,560,241,96,47,4512,96:47,2.0425531914893615
354,1018,199,520,130,67600,4:1,4.0
355,1170,214,216,106,22896,108:53,2.0377358490566038
355,832,236,129,56,7224,129:56,2.3035714285714284
355,571,242,85,53,4505,85:53,1.6037735849056605
355,220,274,61,20,1220,61:20,3.05
356,1266,241,26,50,1300,13:25,0.52
356,1142,241,118,57,6726,118:57,2.0701754385964914
356,969,235,123,55,6765,123:55,2.2363636363636363
356,239,271,97,30,2910,97:30,3.2333333333333334
357,1140,241,120,52,6240,30:13,2.3076923076923075
357,566,267,125,28,3500,125:28,4.464285714285714
358,1055,255,123,31,3813,123:31,3.967741935483871
360,77,231,147,139,20433,147:139,1.0575539568345325
360,664,244,19,19,361,1:1,1.0
362,757,265,22,6,132,11:3,3.6666666666666665
363,1168,246,38,45,1710,38:45,0.8444444444444444
364,700,247,40,51,2040,40:51,0.7843137254901961
366,1264,260,16,11,176,16:11,1.4545454545454546
367,719,247,19,24,456,19:24,0.7916666666666666
367,867,247,19,13,247,19:13,1.4615384615384615
368,1013,259,14,10,140,7:5,1.4
368,1116,245,14,12,168,7:6,1.1666666666666667
368,1131,230,24,41,984,24:41,0.5853658536585366
369,722,354,156,117,18252,4:3,1.3333333333333333
369,662,244,33,42,1386,11:14,0.7857142857142857
370,545,239,50,46,2300,25:23,1.0869565217391304
370,604,242,17,32,544,17:32,0.53125
370,647,261,18,6,108,3:1,3.0
370,723,258,16,11,176,16:11,1.4545454545454546
371,362,302,53,33,1749,53:33,1.606060606060606
371,406,270,34,15,510,34:15,2.2666666666666666
371,585,265,30,18,540,5:3,1.6666666666666667
371,526,241,60,44,2640,15:11,1.3636363636363635
371,661,256,11,13,143,11:13,0.8461538461538461
371,592,242,19,31,589,19:31,0.6129032258064516
372,168,287,45,19,855,45:19,2.3684210526315788
372,436,295,72,52,3744,18:13,1.3846153846153846
372,708,280,33,21,693,11:7,1.5714285714285714
372,631,239,46,46,2116,1:1,1.0
372,668,254,20,14,280,10:7,1.4285714285714286
372,713,240,22,33,726,2:3,0.6666666666666666
372,804,256,11,12,132,11:12,0.9166666666666666
373,723,283,24,14,336,12:7,1.7142857142857142
373,696,267,23,14,322,23:14,1.6428571428571428
373,564,282,19,12,228,19:12,1.5833333333333333
373,339,273,41,13,533,41:13,3.1538461538461537
373,487,248,46,45,2070,46:45,1.0222222222222221
373,525,264,19,15,285,19:15,1.2666666666666666
373,580,250,21,36,756,7:12,0.5833333333333334
374,202,304,58,18,1044,29:9,3.2222222222222223
374,521,255,30,9,270,10:3,3.3333333333333335
374,587,237,56,50,2800,28:25,1.12
374,628,254,21,16,336,21:16,1.3125
374,689,237,22,39,858,22:39,0.5641025641025641
374,812,259,16,10,160,8:5,1.6
374,911,260,15,10,150,3:2,1.5
374,944,268,17,11,187,17:11,1.5454545454545454
374,1214,252,30,10,300,3:1,3.0
375,664,245,30,29,870,30:29,1.0344827586206897
375,822,247,16,16,256,1:1,1.0
376,201,274,49,16,784,49:16,3.0625
376,396,244,52,48,2496,13:12,1.0833333333333333
376,439,264,21,7,147,3:1,3.0
376,531,272,38,17,646,38:17,2.235294117647059
376,726,257,14,11,154,14:11,1.2727272727272727
376,747,261,22,13,286,22:13,1.6923076923076923
376,1001,248,35,12,420,35:12,2.9166666666666665
376,342,264,45,7,315,45:7,6.428571428571429
376,509,250,24,25,600,24:25,0.96
377,423,286,45,20,900,9:4,2.25
377,17,287,34,20,680,17:10,1.7
377,199,272,32,12,384,8:3,2.6666666666666665
377,250,252,53,53,2809,1:1,1.0
377,296,263,25,29,725,25:29,0.8620689655172413
377,376,247,32,47,1504,32:47,0.6808510638297872
377,736,260,28,15,420,28:15,1.8666666666666667
377,780,254,49,16,784,49:16,3.0625
377,1157,235,95,47,4465,95:47,2.021276595744681
378,211,275,26,12,312,13:6,2.1666666666666665
378,260,254,55,55,3025,1:1,1.0
378,302,273,15,13,195,15:13,1.1538461538461537
378,394,249,30,51,1530,10:17,0.5882352941176471
378,686,261,74,24,1776,37:12,3.0833333333333335
378,817,276,13,12,156,13:12,1.0833333333333333
378,878,262,25,14,350,25:14,1.7857142857142858
378,917,259,26,14,364,13:7,1.8571428571428572
378,1238,240,80,51,4080,80:51,1.5686274509803921
379,177,278,145,40,5800,29:8,3.625
379,49,259,42,60,2520,7:10,0.7
379,670,257,41,23,943,41:23,1.7826086956521738
379,852,259,25,10,250,5:2,2.5
379,75,279,45,17,765,45:17,2.6470588235294117
380,45,256,35,66,2310,35:66,0.5303030303030303
380,71,256,31,59,1829,31:59,0.5254237288135594
380,376,269,75,40,3000,15:8,1.875
380,962,249,7,22,154,7:22,0.3181818181818182
380,919,250,24,23,552,24:23,1.0434782608695652
380,1149,229,102,67,6834,102:67,1.5223880597014925
381,890,249,17,40,680,17:40,0.425
381,1051,249,18,25,450,18:25,0.72
381,1228,237,101,69,6969,101:69,1.463768115942029
381,521,270,26,10,260,13:5,2.6
381,1228,215,103,86,8858,103:86,1.197674418604651
382,314,278,40,20,800,2:1,2.0
382,665,249,27,69,1863,9:23,0.391304347826087
382,1016,261,14,11,154,14:11,1.2727272727272727
382,1238,265,79,34,2686,79:34,2.323529411764706
382,1211,233,138,82,11316,69:41,1.6829268292682926
382,1094,262,16,10,160,8:5,1.6
383,156,290,54,25,1350,54:25,2.16
383,237,247,84,203,17052,12:29,0.41379310344827586
383,639,274,24,12,288,2:1,2.0
383,1003,270,22,19,418,22:19,1.1578947368421053
383,1251,263,54,20,1080,27:10,2.7
384,182,307,51,26,1326,51:26,1.9615384615384615
384,1194,303,75,35,2625,15:7,2.142857142857143
384,1206,243,144,67,9648,144:67,2.1492537313432836
385,177,188,141,360,50760,47:120,0.39166666666666666
385,719,242,42,41,1722,42:41,1.024390243902439
385,915,246,14,15,210,14:15,0.9333333333333333
386,515,267,19,10,190,19:10,1.9
386,664,262,21,11,231,21:11,1.9090909090909092
386,1197,254,162,60,9720,27:10,2.7
386,1113,244,76,53,4028,76:53,1.4339622641509433
386,1037,253,50,15,750,10:3,3.3333333333333335
387,905,254,24,8,192,3:1,3.0
387,245,276,16,9,144,16:9,1.7777777777777777
388,160,289,39,40,1560,39:40,0.975
388,975,255,30,14,420,15:7,2.142857142857143
388,1013,252,19,8,152,19:8,2.375
388,867,256,24,8,192,3:1,3.0
389,271,284,43,8,344,43:8,5.375
389,46,284,49,23,1127,49:23,2.130434782608696
390,572,267,37,22,814,37:22,1.6818181818181819
390,473,254,98,30,2940,49:15,3.2666666666666666
390,346,258,42,39,1638,14:13,1.0769230769230769
390,238,250,38,61,2318,38:61,0.6229508196721312
391,821,265,60,31,1860,60:31,1.935483870967742
391,781,257,57,20,1140,57:20,2.85
391,701,256,110,18,1980,55:9,6.111111111111111
391,537,239,49,64,3136,49:64,0.765625
391,410,228,54,91,4914,54:91,0.5934065934065934
391,433,219,34,89,3026,34:89,0.38202247191011235
393,641,406,1268,286,362648,634:143,4.433566433566433
393,281,472,51,19,969,51:19,2.6842105263157894
393,349,473,57,20,1140,57:20,2.85
393,415,473,57,20,1140,57:20,2.85
393,479,472,47,13,611,47:13,3.6153846153846154
393,537,471,48,15,720,16:5,3.2
393,599,471,49,13,637,49:13,3.769230769230769
393,662,472,47,14,658,47:14,3.357142857142857
393,729,470,50,13,650,50:13,3.8461538461538463
393,785,489,34,7,238,34:7,4.857142857142857
394,508,477,208,94,19552,104:47,2.2127659574468086
395,950,323,509,645,328305,509:645,0.7891472868217054
396,644,491,1270,531,674370,1270:531,2.391713747645951
396,108,541,49,39,1911,49:39,1.2564102564102564
396,152,536,56,39,2184,56:39,1.435897435897436
396,204,532,57,34,1938,57:34,1.6764705882352942
396,204,532,62,37,2294,62:37,1.6756756756756757
396,362,512,61,48,2928,61:48,1.2708333333333333
396,486,499,69,50,3450,69:50,1.38
396,551,491,73,43,3139,73:43,1.697674418604651
397,247,604,398,228,90744,199:114,1.7456140350877194
397,32,641,22,48,1056,11:24,0.4583333333333333
397,93,639,16,52,832,4:13,0.3076923076923077
397,455,639,14,49,686,2:7,0.2857142857142857
397,890,456,672,570,383040,112:95,1.1789473684210525
398,547,583,606,585,354510,202:195,1.035897435897436
399,590,422,1109,277,307193,1109:277,4.003610108303249
399,219,539,74,27,1998,74:27,2.740740740740741
399,235,476,49,21,1029,7:3,2.3333333333333335
399,343,476,38,20,760,19:10,1.9
400,393,693,69,17,1173,69:17,4.0588235294117645
400,624,574,1213,281,340853,1213:281,4.316725978647687
400,164,619,37,12,444,37:12,3.0833333333333335
400,210,618,37,13,481,37:13,2.8461538461538463
400,264,615,51,15,765,17:5,3.4
400,326,615,53,16,848,53:16,3.3125
400,389,617,42,14,588,3:1,3.0
400,448,614,44,14,616,22:7,3.142857142857143
400,550,612,49,15,735,49:15,3.2666666666666666
401,807,453,902,703,634106,902:703,1.2830725462304409
402,600,314,365,126,45990,365:126,2.8968253968253967
402,500,348,13,9,117,13:9,1.4444444444444444
402,524,349,30,8,240,15:4,3.75
402,583,346,31,9,279,31:9,3.4444444444444446
403,52,641,12,38,456,6:19,0.3157894736842105
403,162,646,26,16,416,13:8,1.625
403,280,644,76,63,4788,76:63,1.2063492063492063
403,430,648,21,12,252,7:4,1.75
403,467,637,39,45,1755,13:15,0.8666666666666667
403,603,544,285,286,81510,285:286,0.9965034965034965
403,494,597,43,54,2322,43:54,0.7962962962962963
404,520,419,889,312,277368,889:312,2.8493589743589745
404,293,460,33,15,495,11:5,2.2
404,327,457,33,14,462,33:14,2.357142857142857
404,363,456,36,13,468,36:13,2.769230769230769
404,397,451,30,14,420,15:7,2.142857142857143
405,598,548,503,310,155930,503:310,1.6225806451612903
405,830,594,37,25,925,37:25,1.48
406,383,561,172,339,58308,172:339,0.5073746312684366
406,464,703,21,13,273,21:13,1.6153846153846154
406,504,459,39,13,507,3:1,3.0
406,651,380,920,181,166520,920:181,5.082872928176796
406,487,408,29,9,261,29:9,3.2222222222222223
406,569,409,30,10,300,3:1,3.0
406,603,409,29,9,261,29:9,3.2222222222222223
406,637,409,28,10,280,14:5,2.8
406,672,409,30,9,270,10:3,3.3333333333333335
406,706,409,29,9,261,29:9,3.2222222222222223
406,741,410,29,10,290,29:10,2.9
407,592,478,1177,350,411950,1177:350,3.362857142857143
407,690,577,46,24,1104,23:12,1.9166666666666667
407,743,577,44,23,1012,44:23,1.9130434782608696
407,792,578,42,22,924,21:11,1.9090909090909092
407,837,579,37,21,777,37:21,1.7619047619047619
407,880,581,36,20,720,9:5,1.8
407,921,581,41,22,902,41:22,1.8636363636363635
407,964,581,37,22,814,37:22,1.6818181818181819
407,1005,582,36,21,756,12:7,1.7142857142857142
408,895,639,575,149,85675,575:149,3.859060402684564
408,923,657,185,18,3330,185:18,10.277777777777779
409,775,448,951,434,412734,951:434,2.1912442396313363
409,403,565,24,18,432,4:3,1.3333333333333333
409,426,564,24,19,456,24:19,1.263157894736842
409,451,561,25,20,500,5:4,1.25
409,476,559,28,22,616,14:11,1.2727272727272727
409,504,557,30,24,720,5:4,1.25
409,539,554,36,32,1152,9:8,1.125
409,579,551,41,34,1394,41:34,1.2058823529411764
409,621,548,39,34,1326,39:34,1.1470588235294117
411,646,429,1037,298,309026,1037:298,3.4798657718120807
411,587,489,47,21,987,47:21,2.238095238095238
411,702,494,46,22,1012,23:11,2.090909090909091
411,755,497,39,21,819,13:7,1.8571428571428572
411,800,501,35,20,700,7:4,1.75
411,941,508,31,20,620,31:20,1.55
411,973,512,25,14,350,25:14,1.7857142857142858
411,643,492,44,20,880,11:5,2.2
411,1002,513,25,12,300,25:12,2.0833333333333335
412,498,392,634,312,197808,317:156,2.032051282051282
412,250,454,15,15,225,1:1,1.0
412,270,456,22,16,352,11:8,1.375
412,290,456,19,17,323,19:17,1.1176470588235294
412,308,456,20,16,320,5:4,1.25
412,329,454,23,15,345,23:15,1.5333333333333334
412,396,453,42,19,798,42:19,2.210526315789474
412,427,450,25,19,475,25:19,1.3157894736842106
412,453,450,27,20,540,27:20,1.35
412,480,450,27,20,540,27:20,1.35
412,508,449,26,17,442,26:17,1.5294117647058822
413,893,371,771,736,567456,771:736,1.047554347826087
413,546,515,21,24,504,7:8,0.875
413,543,537,21,20,420,21:20,1.05
413,538,558,35,21,735,5:3,1.6666666666666667
413,542,578,29,13,377,29:13,2.230769230769231
413,100,613,168,65,10920,168:65,2.5846153846153848
413,216,628,11,19,209,11:19,0.5789473684210527
414,699,694,44,22,968,2:1,2.0
414,1104,417,49,13,637,49:13,3.769230769230769
414,294,360,50,31,1550,50:31,1.6129032258064515
414,245,352,46,29,1334,46:29,1.5862068965517242
414,535,380,727,321,233367,727:321,2.264797507788162
414,1147,195,9,17,153,9:17,0.5294117647058824
414,795,212,13,41,533,13:41,0.3170731707317073
414,763,204,11,19,209,11:19,0.5789473684210527
414,729,202,13,20,260,13:20,0.65
415,655,379,971,514,499094,971:514,1.8891050583657587
415,512,423,36,23,828,36:23,1.565217391304348
415,434,439,71,49,3479,71:49,1.4489795918367347
415,372,449,61,46,2806,61:46,1.326086956521739
415,323,451,46,37,1702,46:37,1.2432432432432432
415,276,458,42,32,1344,21:16,1.3125
416,703,485,901,774,697374,901:774,1.1640826873385013
416,837,659,33,32,1056,33:32,1.03125
416,867,651,36,33,1188,12:11,1.0909090909090908
416,892,648,30,31,930,30:31,0.967741935483871
416,916,643,31,31,961,1:1,1.0
416,941,640,27,30,810,9:10,0.9
416,965,635,27,28,756,27:28,0.9642857142857143
416,982,632,35,29,1015,35:29,1.206896551724138
416,1007,628,32,27,864,32:27,1.1851851851851851
416,1025,626,35,27,945,35:27,1.2962962962962963
416,1045,621,31,29,899,31:29,1.0689655172413792
416,1064,619,28,25,700,28:25,1.12
416,1084,615,27,24,648,9:8,1.125
417,30,655,58,69,4002,58:69,0.8405797101449275
417,606,481,1071,759,812889,357:253,1.4110671936758894
417,144,555,36,41,1476,36:41,0.8780487804878049
417,165,559,39,42,1638,13:14,0.9285714285714286
417,186,563,40,43,1720,40:43,0.9302325581395349
417,206,569,34,34,1156,1:1,1.0
417,223,574,32,35,1120,32:35,0.9142857142857143
417,242,577,35,34,1190,35:34,1.0294117647058822
417,261,581,34,36,1224,17:18,0.9444444444444444
417,297,589,36,34,1224,18:17,1.0588235294117647
417,317,591,36,35,1260,36:35,1.0285714285714285
417,339,597,37,38,1406,37:38,0.9736842105263158
417,362,600,38,37,1406,38:37,1.027027027027027
417,384,605,39,38,1482,39:38,1.0263157894736843
417,420,609,63,45,2835,7:5,1.4
418,623,351,1144,260,297440,22:5,4.4
418,266,398,35,13,455,35:13,2.6923076923076925
418,309,400,39,15,585,13:5,2.6
418,352,401,37,13,481,37:13,2.8461538461538463
418,395,402,37,13,481,37:13,2.8461538461538463
418,437,403,39,13,507,3:1,3.0
418,645,408,44,17,748,44:17,2.588235294117647
418,695,410,42,14,588,3:1,3.0
418,747,412,42,15,630,14:5,2.8
418,791,414,35,14,490,5:2,2.5
418,830,416,36,14,504,18:7,2.5714285714285716
418,869,417,34,15,510,34:15,2.2666666666666666
418,381,454,111,21,2331,37:7,5.285714285714286
419,603,440,656,379,248624,656:379,1.7308707124010554
419,284,490,25,42,1050,25:42,0.5952380952380952
419,338,465,17,12,204,17:12,1.4166666666666667
419,353,466,15,12,180,5:4,1.25
419,364,465,12,11,132,12:11,1.0909090909090908
419,377,467,15,13,195,15:13,1.1538461538461537
419,392,467,17,13,221,17:13,1.3076923076923077
419,407,468,19,13,247,19:13,1.4615384615384615
419,447,468,20,13,260,20:13,1.5384615384615385
419,466,475,20,10,200,2:1,2.0
419,493,478,22,11,242,2:1,2.0
419,523,481,24,14,336,12:7,1.7142857142857142
420,1186,695,112,50,5600,56:25,2.24
420,620,374,1238,747,924786,1238:747,1.6572958500669344
421,647,349,1226,567,695142,1226:567,2.162257495590829
421,201,514,35,32,1120,35:32,1.09375
421,238,513,40,34,1360,20:17,1.1764705882352942
421,280,510,43,34,1462,43:34,1.2647058823529411
421,321,510,38,31,1178,38:31,1.2258064516129032
421,358,507,40,31,1240,40:31,1.2903225806451613
421,400,505,42,31,1302,42:31,1.3548387096774193
421,444,503,45,33,1485,15:11,1.3636363636363635
421,491,501,45,34,1530,45:34,1.3235294117647058
422,698,410,963,769,740547,963:769,1.2522756827048114
422,940,696,31,47,1457,31:47,0.6595744680851063
422,164,607,121,135,16335,121:135,0.8962962962962963
422,86,615,90,105,9450,6:7,0.8571428571428571
422,244,506,19,23,437,19:23,0.8260869565217391
422,252,499,16,23,368,16:23,0.6956521739130435
422,258,490,16,23,368,16:23,0.6956521739130435
422,266,480,20,26,520,10:13,0.7692307692307693
422,272,471,13,32,416,13:32,0.40625
422,282,454,11,29,319,11:29,0.3793103448275862
422,329,406,32,40,1280,4:5,0.8
422,346,386,35,42,1470,5:6,0.8333333333333334
422,370,358,41,48,1968,41:48,0.8541666666666666
422,403,349,44,30,1320,22:15,1.4666666666666666
422,144,619,34,62,2108,17:31,0.5483870967741935
423,632,406,1204,270,325080,602:135,4.45925925925926
423,249,468,39,15,585,13:5,2.6
423,298,468,40,15,600,8:3,2.6666666666666665
423,343,469,41,14,574,41:14,2.9285714285714284
423,389,468,39,13,507,3:1,3.0
423,435,469,39,15,585,13:5,2.6
423,654,468,45,16,720,45:16,2.8125
423,710,467,46,14,644,23:7,3.2857142857142856
423,763,468,44,15,660,44:15,2.933333333333333
423,808,468,36,13,468,36:13,2.769230769230769
423,850,469,35,14,490,5:2,2.5
423,890,468,36,13,468,36:13,2.769230769230769
424,595,457,972,485,471420,972:485,2.004123711340206
424,739,545,55,48,2640,55:48,1.1458333333333333
424,785,554,44,38,1672,22:19,1.1578947368421053
424,826,557,42,36,1512,7:6,1.1666666666666667
424,868,556,47,44,2068,47:44,1.0681818181818181
424,907,562,39,35,1365,39:35,1.1142857142857143
425,593,366,732,498,364536,122:83,1.4698795180722892
425,682,488,52,30,1560,26:15,1.7333333333333334
425,729,489,48,29,1392,48:29,1.6551724137931034
425,778,490,55,34,1870,55:34,1.6176470588235294
425,815,497,33,36,1188,11:12,0.9166666666666666
425,885,506,30,24,720,5:4,1.25
425,910,508,22,22,484,1:1,1.0
425,936,510,22,18,396,11:9,1.2222222222222223
426,621,465,982,307,301474,982:307,3.198697068403909
426,208,504,29,14,406,29:14,2.0714285714285716
426,246,506,33,17,561,33:17,1.9411764705882353
426,283,508,38,18,684,19:9,2.111111111111111
426,325,509,33,17,561,33:17,1.9411764705882353
426,471,520,23,13,299,23:13,1.7692307692307692
426,514,518,36,18,648,2:1,2.0
426,557,520,41,16,656,41:16,2.5625
426,611,523,43,18,774,43:18,2.388888888888889
426,658,525,47,19,893,47:19,2.473684210526316
426,718,528,47,20,940,47:20,2.35
427,542,404,927,781,723987,927:781,1.1869398207426376
427,813,598,29,38,1102,29:38,0.7631578947368421
427,836,606,22,32,704,11:16,0.6875
427,855,610,21,31,651,21:31,0.6774193548387096
427,873,614,19,27,513,19:27,0.7037037037037037
427,890,618,16,25,400,16:25,0.64
427,900,612,19,24,456,19:24,0.7916666666666666
427,917,611,17,11,187,17:11,1.5454545454545454
428,637,448,1029,192,197568,343:64,5.359375
428,239,495,37,14,518,37:14,2.642857142857143
428,283,496,39,14,546,39:14,2.7857142857142856
428,378,497,40,15,600,8:3,2.6666666666666665
428,418,499,27,11,297,27:11,2.4545454545454546
428,572,500,47,14,658,47:14,3.357142857142857
428,629,501,47,14,658,47:14,3.357142857142857
428,688,501,50,15,750,10:3,3.3333333333333335
428,746,502,51,15,765,17:5,3.4
428,801,503,40,14,560,20:7,2.857142857142857
429,651,422,1125,471,529875,375:157,2.388535031847134
429,1218,545,117,115,13455,117:115,1.017391304347826
429,293,481,32,30,960,16:15,1.0666666666666667
429,267,490,31,29,899,31:29,1.0689655172413792
429,245,499,28,27,756,28:27,1.037037037037037
429,226,507,24,25,600,24:25,0.96
429,208,511,21,23,483,21:23,0.9130434782608695
429,194,518,19,22,418,19:22,0.8636363636363636
429,181,522,17,20,340,17:20,0.85
429,170,526,16,18,288,8:9,0.8888888888888888
429,159,530,16,19,304,16:19,0.8421052631578947
429,144,539,26,14,364,13:7,1.8571428571428572
429,107,549,14,13,182,14:13,1.0769230769230769
430,602,527,1197,504,603288,19:8,2.375
430,103,634,25,24,600,25:24,1.0416666666666667
430,126,630,26,26,676,1:1,1.0
430,149,626,29,27,783,29:27,1.0740740740740742
430,170,623,27,25,675,27:25,1.08
430,196,620,30,26,780,15:13,1.1538461538461537
430,223,616,32,27,864,32:27,1.1851851851851851
430,408,587,54,36,1944,3:2,1.5
430,457,580,63,41,2583,63:41,1.5365853658536586
430,512,572,64,44,2816,16:11,1.4545454545454546
431,666,382,1018,513,522234,1018:513,1.9844054580896686
431,454,488,32,24,768,4:3,1.3333333333333333
431,484,487,30,23,690,30:23,1.3043478260869565
431,514,488,30,25,750,6:5,1.2
431,542,488,30,23,690,30:23,1.3043478260869565
431,573,488,30,24,720,5:4,1.25
431,603,488,30,23,690,30:23,1.3043478260869565
431,632,488,31,24,744,31:24,1.2916666666666667
431,665,489,32,24,768,4:3,1.3333333333333333
431,697,489,34,25,850,34:25,1.36
431,369,488,25,27,675,25:27,0.9259259259259259
431,398,489,26,29,754,26:29,0.896551724137931
431,235,486,29,24,696,29:24,1.2083333333333333
431,263,487,32,24,768,4:3,1.3333333333333333
432,533,615,36,32,1152,9:8,1.125
433,627,295,1164,526,612264,582:263,2.2129277566539924
433,143,431,21,22,462,21:22,0.9545454545454546
433,167,430,26,24,624,13:12,1.0833333333333333
433,192,429,30,26,780,15:13,1.1538461538461537
433,220,428,27,23,621,27:23,1.173913043478261
433,248,427,30,24,720,5:4,1.25
433,279,424,33,25,825,33:25,1.32
433,315,424,37,27,999,37:27,1.3703703703703705
433,352,421,38,28,1064,19:14,1.3571428571428572
434,669,438,1127,821,925267,1127:821,1.3727161997563946
434,238,434,35,43,1505,35:43,0.813953488372093
434,214,412,28,38,1064,14:19,0.7368421052631579
434,199,398,26,31,806,26:31,0.8387096774193549
434,192,389,36,25,900,36:25,1.44
434,177,378,27,18,486,3:2,1.5
434,168,369,24,16,384,3:2,1.5
434,158,363,16,14,224,8:7,1.1428571428571428
435,520,652,603,164,98892,603:164,3.676829268292683
435,560,715,26,6,156,13:3,4.333333333333333
435,341,653,19,7,133,19:7,2.7142857142857144
435,369,658,21,8,168,21:8,2.625
435,397,660,25,8,200,25:8,3.125
435,433,664,27,8,216,27:8,3.375
435,518,672,22,8,176,11:4,2.75
435,546,674,22,7,154,22:7,3.142857142857143
436,652,561,936,297,277992,104:33,3.1515151515151514
436,556,636,24,13,312,24:13,1.8461538461538463
436,601,637,28,16,448,7:4,1.75
436,633,641,22,8,176,11:4,2.75
436,824,637,33,17,561,33:17,1.9411764705882353
436,873,638,33,16,528,33:16,2.0625
438,971,518,159,46,7314,159:46,3.4565217391304346
438,1172,500,32,19,608,32:19,1.6842105263157894
438,1245,496,47,43,2021,47:43,1.0930232558139534
438,292,509,38,15,570,38:15,2.533333333333333
438,435,404,852,219,186588,284:73,3.8904109589041096
438,522,429,1016,156,158496,254:39,6.512820512820513
438,143,460,22,10,220,11:5,2.2
438,168,459,22,10,220,11:5,2.2
438,191,458,23,11,253,23:11,2.090909090909091
438,216,457,22,11,242,2:1,2.0
438,241,457,23,10,230,23:10,2.3
438,267,457,23,10,230,23:10,2.3
438,293,456,25,11,275,25:11,2.272727272727273
438,319,456,25,10,250,5:2,2.5
438,347,455,24,11,264,24:11,2.1818181818181817
438,374,454,24,10,240,12:5,2.4
438,424,453,25,11,275,25:11,2.272727272727273
438,475,452,26,11,286,26:11,2.3636363636363638
438,504,451,26,11,286,26:11,2.3636363636363638
438,631,449,28,11,308,28:11,2.5454545454545454
438,663,449,29,11,319,29:11,2.6363636363636362
439,358,786,450,456,205200,75:76,0.9868421052631579
439,203,993,35,14,490,5:2,2.5
439,517,870,15,21,315,5:7,0.7142857142857143
439,529,875,12,22,264,6:11,0.5454545454545454
439,536,880,11,20,220,11:20,0.55
439,544,883,8,18,144,4:9,0.4444444444444444
439,558,889,10,13,130,10:13,0.7692307692307693
439,568,893,12,15,180,4:5,0.8
440,811,661,143,31,4433,143:31,4.612903225806452
440,646,347,1169,453,529557,1169:453,2.5805739514348787
440,621,346,97,44,4268,97:44,2.2045454545454546
440,533,350,78,35,2730,78:35,2.2285714285714286
440,457,351,71,34,2414,71:34,2.088235294117647
440,387,350,57,36,2052,19:12,1.5833333333333333
441,647,416,1225,502,614950,1225:502,2.4402390438247012
441,788,510,51,32,1632,51:32,1.59375
441,849,519,51,29,1479,51:29,1.7586206896551724
441,899,525,44,28,1232,11:7,1.5714285714285714
441,947,532,42,26,1092,21:13,1.6153846153846154
441,986,535,37,26,962,37:26,1.4230769230769231
441,1022,537,40,31,1240,40:31,1.2903225806451613
441,1053,542,31,26,806,31:26,1.1923076923076923
441,1082,544,33,27,891,11:9,1.2222222222222223
441,1109,547,24,22,528,12:11,1.0909090909090908
441,1131,550,25,21,525,25:21,1.1904761904761905
441,1162,556,24,22,528,12:11,1.0909090909090908
441,1183,557,24,21,504,8:7,1.1428571428571428
441,1201,559,17,18,306,17:18,0.9444444444444444
442,470,469,175,191,33425,175:191,0.9162303664921466
443,564,478,612,211,129132,612:211,2.9004739336492893
443,1176,567,41,7,287,41:7,5.857142857142857
443,1258,569,40,8,320,5:1,5.0
443,640,521,20,10,200,2:1,2.0
443,664,523,18,10,180,9:5,1.8
443,716,527,15,10,150,3:2,1.5
444,586,430,759,223,169257,759:223,3.403587443946188
444,317,481,16,9,144,16:9,1.7777777777777777
444,335,480,15,9,135,5:3,1.6666666666666667
444,386,478,18,10,180,9:5,1.8
444,411,477,24,13,312,24:13,1.8461538461538463
444,441,477,27,14,378,27:14,1.9285714285714286
444,470,473,21,11,231,21:11,1.9090909090909092
444,499,473,23,11,253,23:11,2.090909090909091
444,531,472,25,12,300,25:12,2.0833333333333335
444,566,469,29,11,319,29:11,2.6363636363636362
445,665,242,759,469,355971,759:469,1.6183368869936035
445,386,348,24,20,480,6:5,1.2
445,403,348,16,21,336,16:21,0.7619047619047619
445,421,349,23,23,529,1:1,1.0
445,443,348,22,23,506,22:23,0.9565217391304348
445,530,342,27,22,594,27:22,1.2272727272727273
445,554,340,26,23,598,26:23,1.1304347826086956
445,577,339,29,22,638,29:22,1.3181818181818181
445,599,338,24,23,552,24:23,1.0434782608695652
446,762,430,238,148,35224,119:74,1.6081081081081081
447,514,321,979,636,622644,979:636,1.5393081761006289
447,1232,408,89,41,3649,89:41,2.1707317073170733
448,1238,498,80,90,7200,8:9,0.8888888888888888
448,635,615,1041,295,307095,1041:295,3.528813559322034
448,575,443,317,69,21873,317:69,4.594202898550725
448,9,417,16,41,656,16:41,0.3902439024390244
448,27,408,48,37,1776,48:37,1.2972972972972974
449,540,679,367,60,22020,367:60,6.116666666666666
450,544,374,947,389,368383,947:389,2.4344473007712084
450,1059,429,13,9,117,13:9,1.4444444444444444
451,789,443,339,75,25425,113:25,4.52
451,366,444,359,88,31592,359:88,4.079545454545454
452,365,477,215,52,11180,215:52,4.134615384615385
452,1154,481,6,17,102,6:17,0.35294117647058826
452,928,469,245,60,14700,49:12,4.083333333333333
453,1140,429,23,11,253,23:11,2.090909090909091
453,688,437,653,145,94685,653:145,4.503448275862069
454,633,350,733,200,146600,733:200,3.665
454,411,336,61,16,976,61:16,3.8125
454,572,343,42,20,840,21:10,2.1
454,659,320,65,18,1170,65:18,3.611111111111111
454,730,317,60,11,660,60:11,5.454545454545454
455,397,626,303,168,50904,101:56,1.8035714285714286
456,673,481,841,243,204363,841:243,3.460905349794239
457,536,401,919,610,560590,919:610,1.5065573770491802
458,642,412,799,214,170986,799:214,3.7336448598130842
459,696,480,1164,958,1115112,582:479,1.2150313152400836
460,645,500,1058,542,573436,529:271,1.952029520295203
461,804,476,515,577,297155,515:577,0.8925476603119584
462,490,673,367,78,28626,367:78,4.705128205128205
462,637,647,314,60,18840,157:30,5.233333333333333
462,758,625,306,55,16830,306:55,5.5636363636363635
462,842,603,316,55,17380,316:55,5.745454545454545
462,921,587,307,50,15350,307:50,6.14
462,1006,564,254,42,10668,127:21,6.0476190476190474
462,972,533,249,60,14940,83:20,4.15
462,1063,528,177,65,11505,177:65,2.723076923076923
462,1111,519,174,64,11136,87:32,2.71875
462,1152,508,163,63,10269,163:63,2.5873015873015874
462,1203,499,135,52,7020,135:52,2.5961538461538463
462,1211,483,133,41,5453,133:41,3.2439024390243905
462,1230,474,95,31,2945,95:31,3.064516129032258
462,1169,442,181,46,8326,181:46,3.9347826086956523
462,1042,434,130,44,5720,65:22,2.9545454545454546
462,906,436,132,49,6468,132:49,2.693877551020408
462,799,436,118,52,6136,59:26,2.269230769230769
462,706,433,113,48,5424,113:48,2.3541666666666665
462,618,432,120,46,5520,60:23,2.608695652173913
462,508,429,155,44,6820,155:44,3.522727272727273
462,417,425,102,40,4080,51:20,2.55
462,590,384,398,102,40596,199:51,3.9019607843137254
462,758,368,187,73,13651,187:73,2.5616438356164384
462,1259,332,10,35,350,2:7,0.2857142857142857
462,1244,332,12,33,396,4:11,0.36363636363636365
462,1214,329,11,39,429,11:39,0.28205128205128205
462,1224,326,9,41,369,9:41,0.21951219512195122
462,1180,324,8,40,320,1:5,0.2
462,1255,370,44,18,792,22:9,2.4444444444444446
462,921,393,64,47,3008,64:47,1.3617021276595744
463,686,418,722,567,409374,722:567,1.27336860670194
464,501,747,557,197,109729,557:197,2.8274111675126905
465,645,401,1210,464,561440,605:232,2.6077586206896552
465,1107,512,35,51,1785,35:51,0.6862745098039216
465,1260,521,36,24,864,3:2,1.5
465,1250,496,14,45,630,14:45,0.3111111111111111
465,32,547,19,28,532,19:28,0.6785714285714286
466,763,411,414,481,199134,414:481,0.8607068607068608
466,822,512,18,31,558,18:31,0.5806451612903226
466,366,551,56,39,2184,56:39,1.435897435897436
466,10,538,21,9,189,7:3,2.3333333333333335
466,570,509,26,47,1222,26:47,0.5531914893617021
466,466,516,10,22,220,5:11,0.45454545454545453
466,450,521,15,12,180,5:4,1.25
466,31,520,19,20,380,19:20,0.95
466,282,497,12,69,828,4:23,0.17391304347826086
466,944,521,8,14,112,4:7,0.5714285714285714
467,316,316,241,140,33740,241:140,1.7214285714285715
468,528,308,961,338,324818,961:338,2.8431952662721893
469,547,368,368,206,75808,184:103,1.7864077669902914
470,622,437,644,517,332948,644:517,1.2456479690522244
471,444,572,886,280,248080,443:140,3.164285714285714
472,546,465,1088,265,288320,1088:265,4.1056603773584905
473,618,534,621,192,119232,207:64,3.234375
473,608,618,57,15,855,19:5,3.8
473,556,540,30,15,450,2:1,2.0
473,592,538,40,16,640,5:2,2.5
473,640,539,40,16,640,5:2,2.5
474,39,733,77,77,5929,1:1,1.0
474,301,359,248,295,73160,248:295,0.8406779661016949
474,26,387,51,198,10098,17:66,0.25757575757575757
474,101,403,71,147,10437,71:147,0.48299319727891155
474,140,402,23,116,2668,23:116,0.19827586206896552
474,161,451,34,19,646,34:19,1.7894736842105263
475,472,438,455,315,143325,13:9,1.4444444444444444
476,648,337,587,455,267085,587:455,1.2901098901098902
477,677,429,746,259,193214,746:259,2.8803088803088803
478,619,507,859,227,194993,859:227,3.7841409691629955
479,576,344,938,412,386456,469:206,2.2766990291262137
479,1162,418,21,34,714,21:34,0.6176470588235294
480,636,490,810,535,433350,162:107,1.514018691588785
481,485,556,395,130,51350,79:26,3.0384615384615383
481,962,574,24,6,144,4:1,4.0
481,810,569,40,11,440,40:11,3.6363636363636362
482,278,411,341,248,84568,11:8,1.375
483,303,390,132,116,15312,33:29,1.1379310344827587
484,582,554,929,317,294493,929:317,2.9305993690851735
484,544,599,69,16,1104,69:16,4.3125
484,61,653,121,88,10648,11:8,1.375
485,329,462,223,125,27875,223:125,1.784
485,322,453,47,12,564,47:12,3.9166666666666665
485,135,384,59,31,1829,59:31,1.903225806451613
485,77,375,73,17,1241,73:17,4.294117647058823
485,477,380,99,18,1782,11:2,5.5
485,615,360,80,98,7840,40:49,0.8163265306122449
485,948,400,35,11,385,35:11,3.1818181818181817
485,807,391,97,29,2813,97:29,3.3448275862068964
485,1140,370,172,66,11352,86:33,2.606060606060606
486,592,608,244,169,41236,244:169,1.4437869822485208
486,610,594,65,16,1040,65:16,4.0625
486,54,499,100,25,2500,4:1,4.0
486,141,512,82,39,3198,82:39,2.1025641025641026
486,444,499,150,27,4050,50:9,5.555555555555555
486,761,466,98,128,12544,49:64,0.765625
486,1165,508,186,47,8742,186:47,3.9574468085106385
487,988,269,547,444,242868,547:444,1.231981981981982
487,385,340,768,678,520704,128:113,1.1327433628318584
487,247,186,490,313,153370,490:313,1.5654952076677315
488,630,355,1144,483,552552,1144:483,2.368530020703934
489,482,615,425,194,82450,425:194,2.1907216494845363
490,625,572,1054,314,330956,527:157,3.356687898089172
491,649,341,1184,506,599104,592:253,2.3399209486166006
506,670,493,36,37,1332,36:37,0.972972972972973
506,459,579,22,9,198,22:9,2.4444444444444446
506,510,533,256,93,23808,256:93,2.752688172043011
506,400,763,33,130,4290,33:130,0.25384615384615383
506,539,812,32,43,1376,32:43,0.7441860465116279
506,512,802,27,31,837,27:31,0.8709677419354839
506,614,749,29,132,3828,29:132,0.2196969696969697
506,549,770,76,34,2584,38:17,2.235294117647059
506,830,766,28,127,3556,28:127,0.2204724409448819
506,830,782,51,15,765,17:5,3.4
506,506,801,16,101,1616,16:101,0.15841584158415842
506,809,751,31,118,3658,31:118,0.2627118644067797
528,619,453,204,267,54468,68:89,0.7640449438202247
530,434,325,504,618,311472,84:103,0.8155339805825242
531,435,510,267,350,93450,267:350,0.7628571428571429
532,510,497,111,346,38406,111:346,0.3208092485549133
533,335,402,142,282,40044,71:141,0.5035460992907801
534,397,277,185,134,24790,185:134,1.3805970149253732
535,454,457,739,785,580115,739:785,0.9414012738853503
536,670,429,770,571,439670,770:571,1.3485113835376532
536,402,215,133,269,35777,133:269,0.4944237918215613
537,901,398,116,152,17632,29:38,0.7631578947368421
539,808,351,167,337,56279,167:337,0.49554896142433236
539,553,312,227,349,79223,227:349,0.6504297994269341
540,338,473,387,714,276318,129:238,0.542016806722689
540,616,495,298,609,181482,298:609,0.48932676518883417
540,728,382,183,310,56730,183:310,0.5903225806451613
540,959,297,17,54,918,17:54,0.3148148148148148
541,1022,440,184,225,41400,184:225,0.8177777777777778
541,671,350,297,429,127413,9:13,0.6923076923076923
541,311,388,223,352,78496,223:352,0.6335227272727273
542,663,500,228,800,182400,57:200,0.285
542,418,474,283,825,233475,283:825,0.343030303030303
542,358,822,153,57,8721,51:19,2.6842105263157894
542,221,471,209,795,166155,209:795,0.2628930817610063
542,96,824,54,41,2214,54:41,1.3170731707317074
542,20,761,38,48,1824,19:24,0.7916666666666666
542,50,759,44,31,1364,44:31,1.4193548387096775
543,1251,475,55,195,10725,11:39,0.28205128205128205
543,1175,553,51,40,2040,51:40,1.275
543,1111,558,38,26,988,19:13,1.4615384615384615
543,1056,530,77,85,6545,77:85,0.9058823529411765
543,954,290,149,572,85228,149:572,0.26048951048951047
543,686,532,107,29,3103,107:29,3.689655172413793
543,845,539,52,38,1976,26:19,1.368421052631579
543,731,509,157,130,20410,157:130,1.2076923076923076
543,489,431,112,285,31920,112:285,0.3929824561403509
543,303,518,259,112,29008,37:16,2.3125
543,108,547,68,19,1292,68:19,3.5789473684210527
543,181,514,157,105,16485,157:105,1.4952380952380953
544,382,563,156,148,23088,39:37,1.054054054054054
544,487,298,608,554,336832,304:277,1.0974729241877257
544,741,557,79,19,1501,79:19,4.157894736842105
548,316,265,165,71,11715,165:71,2.323943661971831
548,284,243,40,7,280,40:7,5.714285714285714
548,139,239,46,11,506,46:11,4.181818181818182
549,183,192,120,56,6720,15:7,2.142857142857143
550,109,276,216,54,11664,4:1,4.0
550,441,247,36,5,180,36:5,7.2
551,631,403,14,35,490,2:5,0.4
551,161,354,94,55,5170,94:55,1.709090909090909
551,614,378,48,39,1872,16:13,1.2307692307692308
551,584,362,68,42,2856,34:21,1.619047619047619
551,542,340,77,41,3157,77:41,1.8780487804878048
551,212,327,73,46,3358,73:46,1.5869565217391304
551,492,313,56,38,2128,28:19,1.4736842105263157
551,458,297,36,15,540,12:5,2.4
551,441,282,40,19,760,40:19,2.1052631578947367
551,414,272,31,17,527,31:17,1.8235294117647058
551,224,294,46,22,1012,23:11,2.090909090909091
551,250,277,43,16,688,43:16,2.6875
551,272,261,26,16,416,13:8,1.625
551,291,250,16,10,160,8:5,1.6
552,154,239,77,23,1771,77:23,3.347826086956522
552,294,186,125,170,21250,25:34,0.7352941176470589
553,264,261,63,46,2898,63:46,1.3695652173913044
553,294,156,17,69,1173,17:69,0.2463768115942029
554,439,181,187,263,49181,187:263,0.7110266159695817
554,267,294,112,42,4704,8:3,2.6666666666666665
554,593,254,90,131,11790,90:131,0.6870229007633588
554,140,266,119,35,4165,17:5,3.4
555,367,342,607,335,203345,607:335,1.8119402985074626
556,439,326,382,135,51570,382:135,2.8296296296296295
556,133,245,155,38,5890,155:38,4.078947368421052
556,334,241,134,26,3484,67:13,5.153846153846154
556,589,239,98,61,5978,98:61,1.6065573770491803
556,429,213,42,21,882,2:1,2.0
556,282,216,39,19,741,39:19,2.0526315789473686
557,218,196,194,103,19982,194:103,1.883495145631068
558,97,358,75,100,7500,3:4,0.75
558,78,359,73,65,4745,73:65,1.123076923076923
558,289,399,74,19,1406,74:19,3.8947368421052633
558,239,368,63,50,3150,63:50,1.26
558,213,354,53,23,1219,53:23,2.3043478260869565
558,250,352,30,10,300,3:1,3.0
558,312,368,65,23,1495,65:23,2.8260869565217392
558,296,353,48,35,1680,48:35,1.3714285714285714
558,403,358,68,72,4896,17:18,0.9444444444444444
558,444,368,55,14,770,55:14,3.9285714285714284
558,425,360,55,16,880,55:16,3.4375
558,423,349,22,13,286,22:13,1.6923076923076923
558,353,350,41,12,492,41:12,3.4166666666666665
558,371,329,34,52,1768,17:26,0.6538461538461539
558,326,343,28,6,168,14:3,4.666666666666667
558,363,335,14,11,154,14:11,1.2727272727272727
558,398,341,20,11,220,20:11,1.8181818181818181
558,398,330,37,7,259,37:7,5.285714285714286
558,604,378,67,20,1340,67:20,3.35
558,578,365,37,26,962,37:26,1.4230769230769231
558,529,360,52,19,988,52:19,2.736842105263158
558,455,343,40,22,880,20:11,1.8181818181818181
558,562,347,41,15,615,41:15,2.7333333333333334
558,519,344,24,7,168,24:7,3.4285714285714284
558,473,342,18,20,360,9:10,0.9
558,528,339,37,8,296,37:8,4.625
558,429,337,33,6,198,11:2,5.5
558,485,332,30,14,420,15:7,2.142857142857143
558,533,325,30,7,210,30:7,4.285714285714286
558,531,331,22,4,88,11:2,5.5
558,509,332,19,6,114,19:6,3.1666666666666665
558,444,331,28,6,168,14:3,4.666666666666667
558,434,323,25,12,300,25:12,2.0833333333333335
558,476,314,21,8,168,21:8,2.625
558,492,322,27,9,243,3:1,3.0
558,452,319,18,9,162,2:1,2.0
558,584,343,28,14,392,2:1,2.0
559,232,205,209,106,22154,209:106,1.971698113207547
560,366,302,179,406,72674,179:406,0.4408866995073892
560,71,308,141,263,37083,141:263,0.5361216730038023
560,34,326,66,49,3234,66:49,1.346938775510204
560,776,359,193,43,8299,193:43,4.488372093023256
560,754,325,62,36,2232,31:18,1.7222222222222223
561,472,241,102,33,3366,34:11,3.090909090909091
562,739,506,566,115,65090,566:115,4.921739130434783
563,320,243,208,65,13520,16:5,3.2
563,154,211,39,9,351,13:3,4.333333333333333
564,176,288,104,51,5304,104:51,2.0392156862745097
564,43,282,40,25,1000,8:5,1.6
565,228,365,58,43,2494,58:43,1.3488372093023255
594,184,242,194,58,11252,97:29,3.3448275862068964
594,420,239,72,14,1008,36:7,5.142857142857143
597,388,348,138,73,10074,138:73,1.8904109589041096
597,267,320,86,41,3526,86:41,2.097560975609756
597,207,307,62,23,1426,62:23,2.6956521739130435
597,158,288,44,16,704,11:4,2.75
598,185,117,228,185,42180,228:185,1.2324324324324325
599,240,132,236,186,43896,118:93,1.2688172043010753
600,468,377,191,127,24257,191:127,1.5039370078740157
600,545,377,182,93,16926,182:93,1.956989247311828
600,314,287,112,72,8064,14:9,1.5555555555555556
600,377,287,125,66,8250,125:66,1.893939393939394
600,264,232,88,45,3960,88:45,1.9555555555555555
600,208,207,37,29,1073,37:29,1.2758620689655173
600,126,173,17,10,170,17:10,1.7
601,58,349,115,150,17250,23:30,0.7666666666666667
601,109,259,65,57,3705,65:57,1.1403508771929824
601,270,268,31,33,1023,31:33,0.9393939393939394
601,347,248,22,16,352,11:8,1.375
601,523,313,104,33,3432,104:33,3.1515151515151514
601,421,256,22,16,352,11:8,1.375
602,299,141,104,181,18824,104:181,0.574585635359116
602,386,131,123,187,23001,123:187,0.6577540106951871
602,449,157,67,103,6901,67:103,0.6504854368932039
602,497,169,18,67,1206,18:67,0.26865671641791045
603,304,231,64,34,2176,32:17,1.8823529411764706
604,135,246,84,24,2016,7:2,3.5
605,101,222,122,307,37454,122:307,0.3973941368078176
606,398,201,47,14,658,47:14,3.357142857142857
607,439,349,114,123,14022,38:41,0.926829268292683
607,288,223,59,43,2537,59:43,1.372093023255814
607,168,229,85,40,3400,17:8,2.125
607,371,184,31,29,899,31:29,1.0689655172413792
607,209,174,23,19,437,23:19,1.2105263157894737
607,346,171,20,11,220,20:11,1.8181818181818181
608,239,271,71,64,4544,71:64,1.109375
608,337,202,40,31,1240,40:31,1.2903225806451613
608,477,212,56,43,2408,56:43,1.302325581395349
608,299,224,69,45,3105,23:15,1.5333333333333334
608,592,315,91,97,8827,91:97,0.9381443298969072
609,21,160,40,57,2280,40:57,0.7017543859649122
609,91,188,181,138,24978,181:138,1.3115942028985508
609,259,252,178,145,25810,178:145,1.2275862068965517
609,457,209,95,96,9120,95:96,0.9895833333333334
609,407,243,197,134,26398,197:134,1.4701492537313432
610,167,206,230,132,30360,115:66,1.7424242424242424
611,392,257,221,88,19448,221:88,2.5113636363636362
612,304,237,58,30,1740,29:15,1.9333333333333333
612,247,216,26,17,442,26:17,1.5294117647058822
612,485,218,166,39,6474,166:39,4.256410256410256
624,537,235,359,89,31951,359:89,4.033707865168539
634,487,290,47,34,1598,47:34,1.3823529411764706
634,301,290,31,13,403,31:13,2.3846153846153846
634,351,266,47,22,1034,47:22,2.1363636363636362
634,378,272,21,17,357,21:17,1.2352941176470589
634,385,248,26,9,234,26:9,2.888888888888889
642,205,588,92,25,2300,92:25,3.68
646,558,257,82,77,6314,82:77,1.0649350649350648
646,318,217,131,67,8777,131:67,1.955223880597015
647,402,276,93,43,3999,93:43,2.1627906976744184
647,229,252,35,7,245,5:1,5.0
647,180,243,19,8,152,19:8,2.375
647,542,248,31,6,186,31:6,5.166666666666667
648,337,311,78,73,5694,78:73,1.0684931506849316
648,364,370,159,47,7473,159:47,3.382978723404255
648,208,231,31,12,372,31:12,2.5833333333333335
648,308,245,54,35,1890,54:35,1.542857142857143
648,304,220,43,23,989,43:23,1.8695652173913044
650,348,302,61,23,1403,61:23,2.652173913043478
650,196,302,90,21,1890,30:7,4.285714285714286
650,163,281,117,23,2691,117:23,5.086956521739131
650,24,286,49,24,1176,49:24,2.0416666666666665
650,69,285,45,17,765,45:17,2.6470588235294117
659,341,375,95,77,7315,95:77,1.2337662337662338
659,369,294,32,24,768,4:3,1.3333333333333333
676,171,292,25,23,575,25:23,1.0869565217391304
676,68,301,31,19,589,31:19,1.631578947368421
677,482,284,79,38,3002,79:38,2.0789473684210527
677,393,288,79,39,3081,79:39,2.0256410256410255
677,240,274,78,50,3900,39:25,1.56
678,461,326,56,26,1456,28:13,2.1538461538461537
679,269,436,315,112,35280,45:16,2.8125
680,296,219,161,150,24150,161:150,1.0733333333333333
681,1091,737,591,480,283680,197:160,1.23125
682,280,105,234,140,32760,117:70,1.6714285714285715
683,414,155,57,193,11001,57:193,0.29533678756476683
683,365,190,42,18,756,7:3,2.3333333333333335
683,195,155,99,124,12276,99:124,0.7983870967741935
683,108,157,89,99,8811,89:99,0.898989898989899
684,139,216,246,193,47478,246:193,1.2746113989637307
685,432,330,240,129,30960,80:43,1.8604651162790697
685,503,246,123,75,9225,41:25,1.64
685,200,202,50,14,700,25:7,3.5714285714285716
685,281,196,47,11,517,47:11,4.2727272727272725
685,243,198,23,11,253,23:11,2.090909090909091
685,345,192,50,11,550,50:11,4.545454545454546
686,242,392,50,28,1400,25:14,1.7857142857142858
686,286,397,37,23,851,37:23,1.608695652173913
686,327,390,44,41,1804,44:41,1.0731707317073171
686,127,330,79,22,1738,79:22,3.590909090909091
686,192,328,33,9,297,11:3,3.6666666666666665
687,162,200,154,206,31724,77:103,0.7475728155339806
687,244,248,25,17,425,25:17,1.4705882352941178
687,27,244,36,15,540,12:5,2.4
687,56,244,13,9,117,13:9,1.4444444444444444
687,469,247,43,10,430,43:10,4.3
688,315,394,275,480,132000,55:96,0.5729166666666666
688,636,467,86,59,5074,86:59,1.4576271186440677
689,563,450,52,28,1456,13:7,1.8571428571428572
689,521,517,83,89,7387,83:89,0.9325842696629213
690,265,187,311,135,41985,311:135,2.303703703703704
691,211,193,118,94,11092,59:47,1.2553191489361701
691,404,198,183,56,10248,183:56,3.267857142857143
691,32,210,63,88,5544,63:88,0.7159090909090909
692,197,387,140,23,3220,140:23,6.086956521739131
692,172,362,77,21,1617,11:3,3.6666666666666665
692,232,341,179,50,8950,179:50,3.58
692,276,334,45,16,720,45:16,2.8125
692,228,309,97,24,2328,97:24,4.041666666666667
692,266,287,160,52,8320,40:13,3.076923076923077
692,144,209,49,21,1029,7:3,2.3333333333333335
692,206,212,22,6,132,11:3,3.6666666666666665
692,338,206,20,12,240,5:3,1.6666666666666667
692,401,202,21,18,378,7:6,1.1666666666666667
692,442,201,23,14,322,23:14,1.6428571428571428
692,502,202,19,10,190,19:10,1.9
692,582,200,17,11,187,17:11,1.5454545454545454
692,232,362,114,30,3420,19:5,3.8
692,232,209,29,10,290,29:10,2.9
692,148,255,66,45,2970,22:15,1.4666666666666666
693,325,276,132,199,26268,132:199,0.6633165829145728
693,439,372,45,27,1215,5:3,1.6666666666666667
694,422,328,313,77,24101,313:77,4.064935064935065
694,490,327,293,87,25491,293:87,3.367816091954023
695,494,231,106,42,4452,53:21,2.5238095238095237
696,281,193,286,325,92950,22:25,0.88
696,460,329,117,44,5148,117:44,2.659090909090909
697,199,296,303,567,171801,101:189,0.5343915343915344
698,186,331,73,63,4599,73:63,1.1587301587301588
699,177,246,164,27,4428,164:27,6.074074074074074
699,466,329,171,103,17613,171:103,1.6601941747572815
700,261,163,136,105,14280,136:105,1.2952380952380953
700,397,182,33,30,990,11:10,1.1
700,92,109,118,206,24308,59:103,0.5728155339805825
701,250,236,115,123,14145,115:123,0.9349593495934959
701,606,245,68,58,3944,34:29,1.1724137931034482
702,467,542,370,82,30340,185:41,4.512195121951219
702,520,381,48,11,528,48:11,4.363636363636363
702,693,419,70,24,1680,35:12,2.9166666666666665
703,20,226,38,23,874,38:23,1.6521739130434783
703,126,182,191,57,10887,191:57,3.3508771929824563
704,67,311,87,55,4785,87:55,1.5818181818181818
704,134,294,78,31,2418,78:31,2.5161290322580645
705,336,380,227,373,84671,227:373,0.6085790884718498
705,266,473,530,111,58830,530:111,4.774774774774775
706,164,347,74,51,3774,74:51,1.4509803921568627
706,203,310,41,34,1394,41:34,1.2058823529411764
706,213,286,24,18,432,4:3,1.3333333333333333
706,231,265,41,32,1312,41:32,1.28125
706,254,229,17,21,357,17:21,0.8095238095238095
706,593,293,40,26,1040,20:13,1.5384615384615385
706,558,290,29,23,667,29:23,1.2608695652173914
706,427,231,21,19,399,21:19,1.105263157894737
706,384,224,14,11,154,14:11,1.2727272727272727
706,369,223,14,10,140,7:5,1.4
707,176,389,350,730,255500,35:73,0.4794520547945205
707,433,341,189,644,121716,27:92,0.29347826086956524
707,709,322,370,638,236060,185:319,0.5799373040752351
707,301,452,128,59,7552,128:59,2.169491525423729
707,500,453,103,24,2472,103:24,4.291666666666667
707,712,443,187,27,5049,187:27,6.925925925925926
707,970,287,106,324,34344,53:162,0.3271604938271605
708,310,153,443,228,101004,443:228,1.9429824561403508
709,262,244,129,103,13287,129:103,1.2524271844660195
710,292,333,130,123,15990,130:123,1.056910569105691
711,591,455,188,177,33276,188:177,1.0621468926553672
711,931,305,181,210,38010,181:210,0.861904761904762
711,844,240,57,65,3705,57:65,0.8769230769230769
711,265,346,106,44,4664,53:22,2.409090909090909
711,742,257,34,24,816,17:12,1.4166666666666667
711,769,253,19,26,494,19:26,0.7307692307692307
711,619,258,22,18,396,11:9,1.2222222222222223
711,561,250,21,29,609,21:29,0.7241379310344828
711,632,249,14,28,392,1:2,0.5
712,451,345,145,108,15660,145:108,1.3425925925925926
713,284,167,552,282,155664,92:47,1.9574468085106382
713,650,230,58,13,754,58:13,4.461538461538462
713,804,223,37,9,333,37:9,4.111111111111111
714,384,304,66,32,2112,33:16,2.0625
714,401,282,37,14,518,37:14,2.642857142857143
714,403,265,26,13,338,2:1,2.0
714,389,256,20,10,200,2:1,2.0
714,353,232,18,13,234,18:13,1.3846153846153846
715,335,177,286,194,55484,143:97,1.4742268041237114
715,176,169,214,51,10914,214:51,4.196078431372549
716,194,255,121,32,3872,121:32,3.78125
717,230,305,44,37,1628,44:37,1.1891891891891893
717,261,281,33,24,792,11:8,1.375
717,434,330,102,67,6834,102:67,1.5223880597014925
717,374,306,25,14,350,25:14,1.7857142857142858
717,357,291,19,13,247,19:13,1.4615384615384615
717,335,282,29,21,609,29:21,1.380952380952381
718,176,272,113,27,3051,113:27,4.185185185185185
719,399,202,47,15,705,47:15,3.1333333333333333
720,89,171,142,339,48138,142:339,0.41887905604719766
720,276,193,114,204,23256,19:34,0.5588235294117647
720,416,173,128,220,28160,32:55,0.5818181818181818
720,466,200,78,139,10842,78:139,0.5611510791366906
720,583,239,104,45,4680,104:45,2.311111111111111
720,306,211,35,13,455,35:13,2.6923076923076925
720,247,215,51,15,765,17:5,3.4
720,192,212,33,10,330,33:10,3.3
720,127,214,79,22,1738,79:22,3.590909090909091
721,402,267,56,23,1288,56:23,2.4347826086956523
721,62,279,49,15,735,49:15,3.2666666666666666
722,698,431,106,96,10176,53:48,1.1041666666666667
722,286,387,73,92,6716,73:92,0.7934782608695652
722,949,421,106,22,2332,53:11,4.818181818181818
722,801,426,28,6,168,14:3,4.666666666666667
723,418,255,300,63,18900,100:21,4.761904761904762
723,317,334,77,72,5544,77:72,1.0694444444444444
723,486,329,110,81,8910,110:81,1.3580246913580247
723,575,322,62,96,5952,31:48,0.6458333333333334
724,264,252,79,23,1817,79:23,3.4347826086956523
725,271,313,117,45,5265,13:5,2.6
726,753,309,36,16,576,9:4,2.25
726,698,318,89,34,3026,89:34,2.6176470588235294
726,214,353,279,70,19530,279:70,3.9857142857142858
726,100,281,198,48,9504,33:8,4.125
729,316,353,101,12,1212,101:12,8.416666666666666
729,655,346,93,22,2046,93:22,4.2272727272727275
729,998,345,97,18,1746,97:18,5.388888888888889
730,538,340,391,513,200583,391:513,0.7621832358674464
730,1116,558,39,16,624,39:16,2.4375
731,707,615,589,311,183179,589:311,1.8938906752411575
732,538,518,963,194,186822,963:194,4.963917525773196
733,651,571,1180,83,97940,1180:83,14.216867469879517
734,519,596,983,140,137620,983:140,7.021428571428571
734,287,527,15,11,165,15:11,1.3636363636363635
735,736,406,366,429,157014,122:143,0.8531468531468531
735,972,209,249,140,34860,249:140,1.7785714285714285
736,777,607,335,266,89110,335:266,1.2593984962406015
737,453,529,285,406,115710,285:406,0.7019704433497537
738,837,408,378,551,208278,378:551,0.6860254083484574
738,1082,628,106,27,2862,106:27,3.925925925925926
742,601,294,250,382,95500,125:191,0.6544502617801047
742,338,335,566,500,283000,283:250,1.132
742,900,244,123,77,9471,123:77,1.5974025974025974
742,1201,242,151,58,8758,151:58,2.603448275862069
743,463,552,925,646,597550,925:646,1.431888544891641
744,457,670,490,281,137690,490:281,1.7437722419928825
745,208,623,215,56,12040,215:56,3.8392857142857144
745,120,448,17,11,187,17:11,1.5454545454545454
745,326,410,468,79,36972,468:79,5.924050632911392
745,686,419,267,51,13617,89:17,5.235294117647059
745,1074,420,217,57,12369,217:57,3.807017543859649
987,534,285,810,352,285120,405:176,2.3011363636363638
988,647,296,1098,422,463356,549:211,2.6018957345971563
989,646,279,1241,464,575824,1241:464,2.6745689655172415
990,463,244,855,350,299250,171:70,2.442857142857143
991,559,291,589,279,164331,19:9,2.111111111111111
992,1008,485,524,448,234752,131:112,1.1696428571428572
993,789,331,948,615,583020,316:205,1.5414634146341464
994,648,322,1263,575,726225,1263:575,2.196521739130435
995,644,391,1228,528,648384,307:132,2.3257575757575757
996,499,398,973,363,353199,973:363,2.680440771349862
997,699,377,1138,362,411956,569:181,3.143646408839779
998,624,375,1210,362,438020,605:181,3.342541436464088
999,587,400,868,289,250852,868:289,3.0034602076124566
1000,650,418,1031,217,223727,1031:217,4.751152073732719
1001,618,376,1223,248,303304,1223:248,4.931451612903226
1002,839,333,859,644,553196,859:644,1.3338509316770186
1003,633,324,1243,630,783090,1243:630,1.9730158730158731
1004,566,349,945,236,223020,945:236,4.004237288135593
1004,1067,422,179,107,19153,179:107,1.6728971962616823
1005,993,420,161,93,14973,161:93,1.7311827956989247
1005,573,352,813,217,176421,813:217,3.7465437788018434
1006,578,330,945,287,271215,135:41,3.292682926829268
1007,181,455,59,21,1239,59:21,2.8095238095238093
1007,390,457,20,11,220,20:11,1.8181818181818181
1030,711,428,533,295,157235,533:295,1.806779661016949
1031,746,424,537,287,154119,537:287,1.8710801393728222
1032,865,362,551,202,111302,551:202,2.727722772277228
1033,951,384,605,211,127655,605:211,2.867298578199052
1034,601,321,1179,361,425619,1179:361,3.2659279778393353
1034,301,474,425,109,46325,425:109,3.8990825688073394
1034,731,450,247,78,19266,19:6,3.1666666666666665
1034,1229,430,50,26,1300,25:13,1.9230769230769231
1035,599,340,1153,335,386255,1153:335,3.4417910447761195
1035,186,495,352,108,38016,88:27,3.259259259259259
1035,640,464,267,84,22428,89:28,3.1785714285714284
1035,1215,431,49,26,1274,49:26,1.8846153846153846
1036,651,359,1230,575,707250,246:115,2.139130434782609
1036,88,546,75,51,3825,25:17,1.4705882352941178
1036,206,555,75,70,5250,15:14,1.0714285714285714
1037,638,347,1248,565,705120,1248:565,2.208849557522124
1037,20,509,39,53,2067,39:53,0.7358490566037735
1037,113,515,75,70,5250,15:14,1.0714285714285714
1038,635,345,1236,547,676092,1236:547,2.259597806215722
1038,42,515,75,70,5250,15:14,1.0714285714285714
1039,635,297,1236,574,709464,618:287,2.153310104529617
1039,1239,561,54,72,3888,3:4,0.75
1040,537,292,1053,558,587574,117:62,1.8870967741935485
1040,1144,504,252,164,41328,63:41,1.5365853658536586
1041,650,291,1209,463,559767,1209:463,2.611231101511879
1041,74,448,61,50,3050,61:50,1.22
1041,149,454,51,49,2499,51:49,1.0408163265306123
1041,563,528,470,256,120320,235:128,1.8359375
1042,626,307,1150,434,499100,575:217,2.6497695852534564
1042,73,451,67,42,2814,67:42,1.5952380952380953
1042,149,455,55,48,2640,55:48,1.1458333333333333
1042,256,500,297,180,53460,33:20,1.65
1042,1225,501,91,112,10192,13:16,0.8125
1043,581,313,1068,422,450696,534:211,2.5308056872037916
1043,83,467,154,133,20482,22:19,1.1578947368421053
1043,1254,497,46,62,2852,23:31,0.7419354838709677
1044,208,334,154,136,20944,77:68,1.1323529411764706
1044,399,343,230,67,15410,230:67,3.4328358208955225
1044,814,281,294,240,70560,49:40,1.225
1044,1014,361,90,62,5580,45:31,1.4516129032258065
1045,207,354,154,134,20636,77:67,1.1492537313432836
1045,397,364,233,69,16077,233:69,3.3768115942028984
1045,749,317,463,216,100008,463:216,2.1435185185185186
1045,839,386,110,56,6160,55:28,1.9642857142857142
1046,204,371,156,139,21684,156:139,1.1223021582733812
1046,342,387,124,65,8060,124:65,1.9076923076923078
1046,731,340,650,200,130000,13:4,3.25
1046,674,406,89,51,4539,89:51,1.7450980392156863
1047,204,377,157,136,21352,157:136,1.1544117647058822
1047,363,397,171,68,11628,171:68,2.514705882352941
1047,802,359,705,158,111390,705:158,4.462025316455696
1047,659,415,106,42,4452,53:21,2.5238095238095237
1048,475,309,892,284,253328,223:71,3.140845070422535
1048,280,413,129,52,6708,129:52,2.480769230769231
1049,648,291,1195,347,414665,1195:347,3.4438040345821324
1049,369,424,156,56,8736,39:14,2.7857142857142856
1050,668,293,1200,376,451200,150:47,3.1914893617021276
1050,408,432,163,59,9617,163:59,2.76271186440678
1051,676,318,1175,362,425350,1175:362,3.24585635359116
1051,499,446,189,73,13797,189:73,2.589041095890411
1052,682,319,1182,366,432612,197:61,3.2295081967213113
1052,505,445,190,74,14060,95:37,2.5675675675675675
1053,634,283,1263,474,598662,421:158,2.6645569620253164
1053,831,459,285,119,33915,285:119,2.3949579831932772
1054,640,275,1255,486,609930,1255:486,2.5823045267489713
1054,1128,458,274,133,36442,274:133,2.0601503759398496
1055,643,269,1257,488,613416,1257:488,2.5758196721311477
1055,1167,462,211,123,25953,211:123,1.7154471544715446
1056,562,309,1108,545,603860,1108:545,2.0330275229357797
1056,1079,499,63,45,2835,7:5,1.4
1056,1158,476,37,24,888,37:24,1.5416666666666667
1057,1117,469,58,42,2436,29:21,1.380952380952381
1057,1186,447,38,24,912,19:12,1.5833333333333333
1057,607,311,1091,478,521498,1091:478,2.282426778242678
